spk,stimulus,extension,filename,type,target,story_name,subtitles
OHSp02,OHSp02_Int01,.wav,OHSp02_Int01.wav,test,account for who could knock,,
OHSp02,OHSp02_Int02,.wav,OHSp02_Int02.wav,test,address her meeting time,,
OHSp02,OHSp02_Int03,.wav,OHSp02_Int03.wav,test,admit the gear beyond,,
OHSp02,OHSp02_Int04,.wav,OHSp02_Int04.wav,test,advance but sat appeal,,
OHSp02,OHSp02_Int05,.wav,OHSp02_Int05.wav,test,afraid beneath demand,,
OHSp02,OHSp02_Int06,.wav,OHSp02_Int06.wav,test,amend estate approach,,
OHSp02,OHSp02_Int07,.wav,OHSp02_Int07.wav,test,and spoke behind her sin,,
OHSp02,OHSp02_Int08,.wav,OHSp02_Int08.wav,test,appear to wait then turn,,
OHSp02,OHSp02_Int09,.wav,OHSp02_Int09.wav,test,assume to catch control,,
OHSp02,OHSp02_Int10,.wav,OHSp02_Int10.wav,test,attack became concerned,,
OHSp02,OHSp02_Int11,.wav,OHSp02_Int11.wav,test,attend the trend success,,
OHSp02,OHSp02_Int12,.wav,OHSp02_Int12.wav,test,avoid or beat command,,
OHSp02,OHSp02_Int13,.wav,OHSp02_Int13.wav,test,award his drain away,,
OHSp02,OHSp02_Int14,.wav,OHSp02_Int14.wav,test,balance clamp and bottle,,
OHSp02,OHSp02_Int15,.wav,OHSp02_Int15.wav,test,beside a sunken bat,,
OHSp02,OHSp02_Int16,.wav,OHSp02_Int16.wav,test,bolder ground from justice,,
OHSp02,OHSp02_Int17,.wav,OHSp02_Int17.wav,test,bush is chosen after,,
OHSp02,OHSp02_Int18,.wav,OHSp02_Int18.wav,test,butch in the middle,,
OHSp02,OHSp02_Int19,.wav,OHSp02_Int19.wav,test,career despite research,,
OHSp02,OHSp02_Int20,.wav,OHSp02_Int20.wav,test,cheap control in paper,,
OHSp02,OHSp02_Int21,.wav,OHSp02_Int21.wav,test,commit such used advice,,
OHSp02,OHSp02_Int22,.wav,OHSp02_Int22.wav,test,confused but roared again,,
OHSp02,OHSp02_Int23,.wav,OHSp02_Int23.wav,test,connect the beer device,,
OHSp02,OHSp02_Int24,.wav,OHSp02_Int24.wav,test,constant willing walker,,
OHSp02,OHSp02_Int25,.wav,OHSp02_Int25.wav,test,cool the jar in private,,
OHSp02,OHSp02_Int26,.wav,OHSp02_Int26.wav,test,darker painted baskets,,
OHSp02,OHSp02_Int27,.wav,OHSp02_Int27.wav,test,define respect instead,,
OHSp02,OHSp02_Int28,.wav,OHSp02_Int28.wav,test,distant leaking basement,,
OHSp02,OHSp02_Int29,.wav,OHSp02_Int29.wav,test,divide across retreat,,
OHSp02,OHSp02_Int30,.wav,OHSp02_Int30.wav,test,done with finest handle,,
OHSp02,OHSp02_Int31,.wav,OHSp02_Int31.wav,test,embark or take her sheet,,
OHSp02,OHSp02_Int32,.wav,OHSp02_Int32.wav,test,for coke a great defeat,,
OHSp02,OHSp02_Int33,.wav,OHSp02_Int33.wav,test,forget the joke below,,
OHSp02,OHSp02_Int34,.wav,OHSp02_Int34.wav,test,frame her seed to answer,,
OHSp02,OHSp02_Int35,.wav,OHSp02_Int35.wav,test,functions aim his acid,,
OHSp02,OHSp02_Int36,.wav,OHSp02_Int36.wav,test,had eaten junk and train,,
OHSp02,OHSp02_Int37,.wav,OHSp02_Int37.wav,test,her owners arm the phone,,
OHSp02,OHSp02_Int38,.wav,OHSp02_Int38.wav,test,hold a page of fortune,,
OHSp02,OHSp02_Int39,.wav,OHSp02_Int39.wav,test,increase a grade sedate,,
OHSp02,OHSp02_Int40,.wav,OHSp02_Int40.wav,test,indeed a tax ascent,,
OHSp02,OHSp02_Int41,.wav,OHSp02_Int41.wav,test,its harmful note abounds,,
OHSp02,OHSp02_Int42,.wav,OHSp02_Int42.wav,test,kick a tad above them,,
OHSp02,OHSp02_Int43,.wav,OHSp02_Int43.wav,test,listen final station,,
OHSp02,OHSp02_Int44,.wav,OHSp02_Int44.wav,test,mark a single ladder,,
OHSp02,OHSp02_Int45,.wav,OHSp02_Int45.wav,test,mate denotes a judgement,,
OHSp02,OHSp02_Int46,.wav,OHSp02_Int46.wav,test,may the same pursued it,,
OHSp02,OHSp02_Int47,.wav,OHSp02_Int47.wav,test,measure fame with legal,,
OHSp02,OHSp02_Int48,.wav,OHSp02_Int48.wav,test,mistake delight for heat,,
OHSp02,OHSp02_Int49,.wav,OHSp02_Int49.wav,test,mode campaign for budget,,
OHSp02,OHSp02_Int50,.wav,OHSp02_Int50.wav,test,model sad and local,,
OHSp02,OHSp02_Int51,.wav,OHSp02_Int51.wav,test,narrow seated member,,
OHSp02,OHSp02_Int52,.wav,OHSp02_Int52.wav,test,or spent sincere aside,,
OHSp02,OHSp02_Int53,.wav,OHSp02_Int53.wav,test,pain can follow agents,,
OHSp02,OHSp02_Int54,.wav,OHSp02_Int54.wav,test,perceive sustained supplies,,
OHSp02,OHSp02_Int55,.wav,OHSp02_Int55.wav,test,pick a chain for action,,
OHSp02,OHSp02_Int56,.wav,OHSp02_Int56.wav,test,pooling pill or cattle,,
OHSp02,OHSp02_Int57,.wav,OHSp02_Int57.wav,test,push her equal culture,,
OHSp02,OHSp02_Int58,.wav,OHSp02_Int58.wav,test,rampant boasting captain,,
OHSp02,OHSp02_Int59,.wav,OHSp02_Int59.wav,test,remove and name for stake,,
OHSp02,OHSp02_Int60,.wav,OHSp02_Int60.wav,test,resting older earring,,
OHSp02,OHSp02_Int61,.wav,OHSp02_Int61.wav,test,rocking modern poster,,
OHSp02,OHSp02_Int62,.wav,OHSp02_Int62.wav,test,rode the lamp for teasing,,
OHSp02,OHSp02_Int63,.wav,OHSp02_Int63.wav,test,round and bad for carpet,,
OHSp02,OHSp02_Int64,.wav,OHSp02_Int64.wav,test,rowing farther matters,,
OHSp02,OHSp02_Int65,.wav,OHSp02_Int65.wav,test,seat for locking runners,,
OHSp02,OHSp02_Int66,.wav,OHSp02_Int66.wav,test,secure but lease apart,,
OHSp02,OHSp02_Int67,.wav,OHSp02_Int67.wav,test,signal breakfast pilot,,
OHSp02,OHSp02_Int68,.wav,OHSp02_Int68.wav,test,sinking rather tundra,,
OHSp02,OHSp02_Int69,.wav,OHSp02_Int69.wav,test,sparkle enter broken,,
OHSp02,OHSp02_Int70,.wav,OHSp02_Int70.wav,test,stable wrist and load it,,
OHSp02,OHSp02_Int71,.wav,OHSp02_Int71.wav,test,submit his cash report,,
OHSp02,OHSp02_Int72,.wav,OHSp02_Int72.wav,test,support with dock and cheer,,
OHSp02,OHSp02_Int73,.wav,OHSp02_Int73.wav,test,target keeping season,,
OHSp02,OHSp02_Int74,.wav,OHSp02_Int74.wav,test,technique but sent result,,
OHSp02,OHSp02_Int75,.wav,OHSp02_Int75.wav,test,thinking for the hearing,,
OHSp02,OHSp02_Int76,.wav,OHSp02_Int76.wav,test,to sort but fear inside,,
OHSp02,OHSp02_Int77,.wav,OHSp02_Int77.wav,test,transcend almost betrayed,,
OHSp02,OHSp02_Int78,.wav,OHSp02_Int78.wav,test,unless escape can learn,,
OHSp02,OHSp02_Int79,.wav,OHSp02_Int79.wav,test,unseen machines agree,,
OHSp02,OHSp02_Int80,.wav,OHSp02_Int80.wav,test,vital seats with wonder,,
OHSp02,OHSp02_Int81,.wav,OHSp02_Int81.wav,test,people bought such minor,,
OHSp02,OHSp02_Int82,.wav,OHSp02_Int82.wav,test,world repeats with feelings,,
OHSp02,OHSp02_Int83,.wav,OHSp02_Int83.wav,test,orders fairly level,,
OHSp02,OHSp02_Int84,.wav,OHSp02_Int84.wav,test,mister types is fashion,,
OHSp02,OHSp02_Int85,.wav,OHSp02_Int85.wav,test,plenty please or causes,,
OHSp02,OHSp02_Int86,.wav,OHSp02_Int86.wav,test,closer showing metal,,
OHSp02,OHSp02_Int87,.wav,OHSp02_Int87.wav,test,friendly moon was sectioned,,
OHSp02,OHSp02_Int88,.wav,OHSp02_Int88.wav,test,plan reduced its setting,,
OHSp02,OHSp02_Int89,.wav,OHSp02_Int89.wav,test,both enjoyed was processed,,
OHSp02,OHSp02_Int90,.wav,OHSp02_Int90.wav,test,ancient leading students,,
OHSp02,OHSp02_Int91,.wav,OHSp02_Int91.wav,test,refused percent to goal ,,
OHSp02,OHSp02_Int92,.wav,OHSp02_Int92.wav,test,aware reviewed such trees,,
OHSp02,OHSp02_Int93,.wav,OHSp02_Int93.wav,test,derived extent with streets,,
OHSp02,OHSp02_Int94,.wav,OHSp02_Int94.wav,test,regards because had class,,
OHSp02,OHSp02_Int95,.wav,OHSp02_Int95.wav,test,intense perfects such coasts,,
OHSp02,OHSp02_Int96,.wav,OHSp02_Int96.wav,test,begins excess is near,,
OHSp02,OHSp02_Int97,.wav,OHSp02_Int97.wav,test,create her spot of art,,
OHSp02,OHSp02_Int98,.wav,OHSp02_Int98.wav,test,obtain contracts from tasks,,
OHSp02,OHSp02_Int99,.wav,OHSp02_Int99.wav,test,effect his wage but stood,,
OHSp02,OHSp02_Int100,.wav,OHSp02_Int100.wav,test,refer to good from league ,,
OHSp02,OHSp02_Int101,.wav,OHSp02_Int101.wav,test,headed wheels with stories,,
OHSp02,OHSp02_Int102,.wav,OHSp02_Int102.wav,test,each informed from flowers,,
OHSp02,OHSp02_Int103,.wav,OHSp02_Int103.wav,test,motion double garden,,
OHSp02,OHSp02_Int104,.wav,OHSp02_Int104.wav,test,weather pure was surfaced,,
OHSp02,OHSp02_Int105,.wav,OHSp02_Int105.wav,test,tension known from pleasure,,
OHSp02,OHSp02_Int106,.wav,OHSp02_Int106.wav,test,rhythm under artist,,
OHSp02,OHSp02_Int107,.wav,OHSp02_Int107.wav,test,housing drawn in samples,,
OHSp02,OHSp02_Int108,.wav,OHSp02_Int108.wav,test,truth improved in shelters,,
OHSp02,OHSp02_Int109,.wav,OHSp02_Int109.wav,test,fort believed such orders,,
OHSp02,OHSp02_Int110,.wav,OHSp02_Int110.wav,test,music useful rising,,
OHSp02,OHSp02_Int111,.wav,OHSp02_Int111.wav,test,you need exchange in holes,,
OHSp02,OHSp02_Int112,.wav,OHSp02_Int112.wav,test,around without such roads ,,
OHSp02,OHSp02_Int113,.wav,OHSp02_Int113.wav,test,arrived had land can scale,,
OHSp02,OHSp02_Int114,.wav,OHSp02_Int114.wav,test,direct can sweet extreme,,
OHSp02,OHSp02_Int115,.wav,OHSp02_Int115.wav,test,degree prevents from games,,
OHSp02,OHSp02_Int116,.wav,OHSp02_Int116.wav,test,conduct ideal had songs ,,
OHSp02,OHSp02_Int117,.wav,OHSp02_Int117.wav,test,debate reply was mean,,
OHSp02,OHSp02_Int118,.wav,OHSp02_Int118.wav,test,permits achieved but lied,,
OHSp02,OHSp02_Int119,.wav,OHSp02_Int119.wav,test,had value plants to mind,,
OHSp02,OHSp02_Int120,.wav,OHSp02_Int120.wav,test,extend but please his stones,,
OHSp02,OHSp02_Int121,.wav,OHSp02_Int121.wav,test,force of focus moment,,
OHSp02,OHSp02_Int122,.wav,OHSp02_Int122.wav,test,thrown had special office,,
OHSp02,OHSp02_Int123,.wav,OHSp02_Int123.wav,test,absent fields did morning,,
OHSp02,OHSp02_Int124,.wav,OHSp02_Int124.wav,test,lake is pressure sofa,,
OHSp02,OHSp02_Int125,.wav,OHSp02_Int125.wav,test,wanted find the finger,,
OHSp02,OHSp02_Int126,.wav,OHSp02_Int126.wav,test,speaking clear is power,,
OHSp02,OHSp02_Int127,.wav,OHSp02_Int127.wav,test,age of centered wagons,,
OHSp02,OHSp02_Int128,.wav,OHSp02_Int128.wav,test,birth the notice symbol,,
OHSp02,OHSp02_Int129,.wav,OHSp02_Int129.wav,test,drove arrive the other,,
OHSp02,OHSp02_Int130,.wav,OHSp02_Int130.wav,test,passing plus a factor,,
OHSp02,OHSp02_Int131,.wav,OHSp02_Int131.wav,test,depend is longer sound,,
OHSp02,OHSp02_Int132,.wav,OHSp02_Int132.wav,test,compare events of bank,,
OHSp02,OHSp02_Int133,.wav,OHSp02_Int133.wav,test,allow assured remains,,
OHSp02,OHSp02_Int134,.wav,OHSp02_Int134.wav,test,alone become restrained,,
OHSp02,OHSp02_Int135,.wav,OHSp02_Int135.wav,test,before his wish was strong,,
OHSp02,OHSp02_Int136,.wav,OHSp02_Int136.wav,test,present relief among,,
OHSp02,OHSp02_Int137,.wav,OHSp02_Int137.wav,test,required attempt maintain,,
OHSp02,OHSp02_Int138,.wav,OHSp02_Int138.wav,test,a reason guests contained,,
OHSp02,OHSp02_Int139,.wav,OHSp02_Int139.wav,test,itself a band provides,,
OHSp02,OHSp02_Int140,.wav,OHSp02_Int140.wav,test,improve in driving cloud,,
OHSp02,OHSp02_Int141,.wav,OHSp02_Int141.wav,test,during pattern programs,,
OHSp02,OHSp02_Int142,.wav,OHSp02_Int142.wav,test,higher patient concept,,
OHSp02,OHSp02_Int143,.wav,OHSp02_Int143.wav,test,sight about this deeper,,
OHSp02,OHSp02_Int144,.wav,OHSp02_Int144.wav,test,hundred printed license,,
OHSp02,OHSp02_Int145,.wav,OHSp02_Int145.wav,test,form object with knowing,,
OHSp02,OHSp02_Int146,.wav,OHSp02_Int146.wav,test,question major nature,,
OHSp02,OHSp02_Int147,.wav,OHSp02_Int147.wav,test,figure proves from normal,,
OHSp02,OHSp02_Int148,.wav,OHSp02_Int148.wav,test,defend years to something,,
OHSp02,OHSp02_Int149,.wav,OHSp02_Int149.wav,test,now return can money,,
OHSp02,OHSp02_Int150,.wav,OHSp02_Int150.wav,test,deep conceived the feature,,
OHSp02,OHSp02_Int151,.wav,OHSp02_Int151.wav,test,suggest its price reserve,,
OHSp02,OHSp02_Int152,.wav,OHSp02_Int152.wav,test,exam of joy began ,,
OHSp02,OHSp02_Int153,.wav,OHSp02_Int153.wav,test,assign exists perhaps ,,
OHSp02,OHSp02_Int154,.wav,OHSp02_Int154.wav,test,begun his crown belief,,
OHSp02,OHSp02_Int155,.wav,OHSp02_Int155.wav,test,complete it thought or troops,,
OHSp02,OHSp02_Int156,.wav,OHSp02_Int156.wav,test,this daughter presence rules,,
OHSp02,OHSp02_Int157,.wav,OHSp02_Int157.wav,test,recall had future through,,
OHSp02,OHSp02_Int158,.wav,OHSp02_Int158.wav,test,surprise was might between ,,
OHSp02,OHSp02_Int159,.wav,OHSp02_Int159.wav,test,detail require such risk,,
OHSp02,OHSp02_Int160,.wav,OHSp02_Int160.wav,test,desire can bar accept,,
OHSp03,OHSp03_Int01,.wav,OHSp03_Int01.wav,test,account for who could knock,,
OHSp03,OHSp03_Int02,.wav,OHSp03_Int02.wav,test,address her meeting time,,
OHSp03,OHSp03_Int03,.wav,OHSp03_Int03.wav,test,admit the gear beyond,,
OHSp03,OHSp03_Int04,.wav,OHSp03_Int04.wav,test,advance but sat appeal,,
OHSp03,OHSp03_Int05,.wav,OHSp03_Int05.wav,test,afraid beneath demand,,
OHSp03,OHSp03_Int06,.wav,OHSp03_Int06.wav,test,amend estate approach,,
OHSp03,OHSp03_Int07,.wav,OHSp03_Int07.wav,test,behind her sin,,
OHSp03,OHSp03_Int08,.wav,OHSp03_Int08.wav,test,appear to wait then turn,,
OHSp03,OHSp03_Int09,.wav,OHSp03_Int09.wav,test,assume to catch control,,
OHSp03,OHSp03_Int10,.wav,OHSp03_Int10.wav,test,attack became concerned,,
OHSp03,OHSp03_Int11,.wav,OHSp03_Int11.wav,test,attend the trend success,,
OHSp03,OHSp03_Int12,.wav,OHSp03_Int12.wav,test,attend or beat command,,
OHSp03,OHSp03_Int13,.wav,OHSp03_Int13.wav,test,award his drain away,,
OHSp03,OHSp03_Int14,.wav,OHSp03_Int14.wav,test,balance clamp and bottle,,
OHSp03,OHSp03_Int15,.wav,OHSp03_Int15.wav,test,beside a sunken bat,,
OHSp03,OHSp03_Int16,.wav,OHSp03_Int16.wav,test,bolder ground from justice,,
OHSp03,OHSp03_Int17,.wav,OHSp03_Int17.wav,test,bush is chosen after,,
OHSp03,OHSp03_Int18,.wav,OHSp03_Int18.wav,test,butcher in the middle,,
OHSp03,OHSp03_Int19,.wav,OHSp03_Int19.wav,test,career despite research,,
OHSp03,OHSp03_Int20,.wav,OHSp03_Int20.wav,test,cheap control in paper,,
OHSp03,OHSp03_Int21,.wav,OHSp03_Int21.wav,test,commit such used advice,,
OHSp03,OHSp03_Int22,.wav,OHSp03_Int22.wav,test,confused but roared again,,
OHSp03,OHSp03_Int23,.wav,OHSp03_Int23.wav,test,connect the beer device,,
OHSp03,OHSp03_Int24,.wav,OHSp03_Int24.wav,test,constant willing walker,,
OHSp03,OHSp03_Int25,.wav,OHSp03_Int25.wav,test,cool the jar in private,,
OHSp03,OHSp03_Int26,.wav,OHSp03_Int26.wav,test,darker painted baskets,,
OHSp03,OHSp03_Int27,.wav,OHSp03_Int27.wav,test,define respect instead,,
OHSp03,OHSp03_Int28,.wav,OHSp03_Int28.wav,test,distant leaking basement,,
OHSp03,OHSp03_Int29,.wav,OHSp03_Int29.wav,test,divide across retreat,,
OHSp03,OHSp03_Int30,.wav,OHSp03_Int30.wav,test,done with finest handle,,
OHSp03,OHSp03_Int31,.wav,OHSp03_Int31.wav,test,embark or take her sheet,,
OHSp03,OHSp03_Int32,.wav,OHSp03_Int32.wav,test,for coke a great defeat,,
OHSp03,OHSp03_Int33,.wav,OHSp03_Int33.wav,test,forget the joke below,,
OHSp03,OHSp03_Int34,.wav,OHSp03_Int34.wav,test,frame her seed to answer,,
OHSp03,OHSp03_Int35,.wav,OHSp03_Int35.wav,test,functions aim his acid,,
OHSp03,OHSp03_Int36,.wav,OHSp03_Int36.wav,test,had eaten junk and train,,
OHSp03,OHSp03_Int37,.wav,OHSp03_Int37.wav,test,her owners arm the phone,,
OHSp03,OHSp03_Int38,.wav,OHSp03_Int38.wav,test,hold a page of fortune,,
OHSp03,OHSp03_Int39,.wav,OHSp03_Int39.wav,test,increase a grade sedate,,
OHSp03,OHSp03_Int40,.wav,OHSp03_Int40.wav,test,indeed a tax ascent,,
OHSp03,OHSp03_Int41,.wav,OHSp03_Int41.wav,test,its harmful note abounds,,
OHSp03,OHSp03_Int42,.wav,OHSp03_Int42.wav,test,kick a tad above them,,
OHSp03,OHSp03_Int43,.wav,OHSp03_Int43.wav,test,listen final station,,
OHSp03,OHSp03_Int44,.wav,OHSp03_Int44.wav,test,mark a single ladder,,
OHSp03,OHSp03_Int45,.wav,OHSp03_Int45.wav,test,mate denotes a judgement,,
OHSp03,OHSp03_Int46,.wav,OHSp03_Int46.wav,test,may the same pursued it,,
OHSp03,OHSp03_Int47,.wav,OHSp03_Int47.wav,test,measure fame with legal,,
OHSp03,OHSp03_Int48,.wav,OHSp03_Int48.wav,test,mistake delight for heat,,
OHSp03,OHSp03_Int49,.wav,OHSp03_Int49.wav,test,mode campaign for budget,,
OHSp03,OHSp03_Int50,.wav,OHSp03_Int50.wav,test,model sad and local,,
OHSp03,OHSp03_Int51,.wav,OHSp03_Int51.wav,test,narrow seated member,,
OHSp03,OHSp03_Int52,.wav,OHSp03_Int52.wav,test,or spent sincere aside,,
OHSp03,OHSp03_Int53,.wav,OHSp03_Int53.wav,test,pain can follow agents,,
OHSp03,OHSp03_Int54,.wav,OHSp03_Int54.wav,test,perceive sustained supplies,,
OHSp03,OHSp03_Int55,.wav,OHSp03_Int55.wav,test,pick a chain for action,,
OHSp03,OHSp03_Int56,.wav,OHSp03_Int56.wav,test,pooling pill or cattle,,
OHSp03,OHSp03_Int57,.wav,OHSp03_Int57.wav,test,push her equal culture,,
OHSp03,OHSp03_Int58,.wav,OHSp03_Int58.wav,test,rampant boasting captain,,
OHSp03,OHSp03_Int59,.wav,OHSp03_Int59.wav,test,remove and name for stake,,
OHSp03,OHSp03_Int60,.wav,OHSp03_Int60.wav,test,resting older earring,,
OHSp03,OHSp03_Int61,.wav,OHSp03_Int61.wav,test,rocking modern poster,,
OHSp03,OHSp03_Int62,.wav,OHSp03_Int62.wav,test,rode the lamp for teasing,,
OHSp03,OHSp03_Int63,.wav,OHSp03_Int63.wav,test,round and bad for carpet,,
OHSp03,OHSp03_Int64,.wav,OHSp03_Int64.wav,test,rowing farther matters,,
OHSp03,OHSp03_Int65,.wav,OHSp03_Int65.wav,test,seat for locking runners,,
OHSp03,OHSp03_Int66,.wav,OHSp03_Int66.wav,test,secure but lease apart,,
OHSp03,OHSp03_Int67,.wav,OHSp03_Int67.wav,test,signal breakfast pilot,,
OHSp03,OHSp03_Int68,.wav,OHSp03_Int68.wav,test,sinking rather tundra,,
OHSp03,OHSp03_Int69,.wav,OHSp03_Int69.wav,test,sparkle enter broken,,
OHSp03,OHSp03_Int70,.wav,OHSp03_Int70.wav,test,stable wrist and load it,,
OHSp03,OHSp03_Int71,.wav,OHSp03_Int71.wav,test,submit his cash report,,
OHSp03,OHSp03_Int72,.wav,OHSp03_Int72.wav,test,support with dock and cheer,,
OHSp03,OHSp03_Int73,.wav,OHSp03_Int73.wav,test,target keeping season,,
OHSp03,OHSp03_Int74,.wav,OHSp03_Int74.wav,test,technique but sent result,,
OHSp03,OHSp03_Int75,.wav,OHSp03_Int75.wav,test,thinking for the hearing,,
OHSp03,OHSp03_Int76,.wav,OHSp03_Int76.wav,test,to sort but fear inside,,
OHSp03,OHSp03_Int77,.wav,OHSp03_Int77.wav,test,transcend almost betrayed,,
OHSp03,OHSp03_Int78,.wav,OHSp03_Int78.wav,test,unless escape can learn,,
OHSp03,OHSp03_Int79,.wav,OHSp03_Int79.wav,test,unseen machines agree,,
OHSp03,OHSp03_Int80,.wav,OHSp03_Int80.wav,test,vital seats with wonder,,
OHSp03,OHSp03_Int81,.wav,OHSp03_Int81.wav,test,people bought such minor,,
OHSp03,OHSp03_Int82,.wav,OHSp03_Int82.wav,test,world repeats with feelings,,
OHSp03,OHSp03_Int83,.wav,OHSp03_Int83.wav,test,orders fairly level,,
OHSp03,OHSp03_Int84,.wav,OHSp03_Int84.wav,test,mister types is fashion,,
OHSp03,OHSp03_Int85,.wav,OHSp03_Int85.wav,test,plenty please or causes,,
OHSp03,OHSp03_Int86,.wav,OHSp03_Int86.wav,test,closer showing metal,,
OHSp03,OHSp03_Int87,.wav,OHSp03_Int87.wav,test,friendly moon was sectioned,,
OHSp03,OHSp03_Int88,.wav,OHSp03_Int88.wav,test,plan reduced its setting,,
OHSp03,OHSp03_Int89,.wav,OHSp03_Int89.wav,test,both enjoyed was processed,,
OHSp03,OHSp03_Int90,.wav,OHSp03_Int90.wav,test,ancient leading students,,
OHSp03,OHSp03_Int91,.wav,OHSp03_Int91.wav,test,refused percent to goal ,,
OHSp03,OHSp03_Int92,.wav,OHSp03_Int92.wav,test,aware reviewed such trees,,
OHSp03,OHSp03_Int93,.wav,OHSp03_Int93.wav,test,divided extent with streets,,
OHSp03,OHSp03_Int94,.wav,OHSp03_Int94.wav,test,regards because had class,,
OHSp03,OHSp03_Int95,.wav,OHSp03_Int95.wav,test,intense perfects such coasts,,
OHSp03,OHSp03_Int96,.wav,OHSp03_Int96.wav,test,begins excess is near,,
OHSp03,OHSp03_Int97,.wav,OHSp03_Int97.wav,test,create her spot of art,,
OHSp03,OHSp03_Int98,.wav,OHSp03_Int98.wav,test,obtain contracts from tasks,,
OHSp03,OHSp03_Int99,.wav,OHSp03_Int99.wav,test,effect his wage but stood,,
OHSp03,OHSp03_Int100,.wav,OHSp03_Int100.wav,test,refer to good from league ,,
OHSp03,OHSp03_Int101,.wav,OHSp03_Int101.wav,test,headed wheels with stories,,
OHSp03,OHSp03_Int102,.wav,OHSp03_Int102.wav,test,each informed from flowers,,
OHSp03,OHSp03_Int103,.wav,OHSp03_Int103.wav,test,motion double garden,,
OHSp03,OHSp03_Int104,.wav,OHSp03_Int104.wav,test,weather pure was surfaced,,
OHSp03,OHSp03_Int105,.wav,OHSp03_Int105.wav,test,tension known from pleasure,,
OHSp03,OHSp03_Int106,.wav,OHSp03_Int106.wav,test,rhythm under artist,,
OHSp03,OHSp03_Int107,.wav,OHSp03_Int107.wav,test,housing drawn in samples,,
OHSp03,OHSp03_Int108,.wav,OHSp03_Int108.wav,test,truth improved in shelters,,
OHSp03,OHSp03_Int109,.wav,OHSp03_Int109.wav,test,fort believed such orders,,
OHSp03,OHSp03_Int110,.wav,OHSp03_Int110.wav,test,music useful rising,,
OHSp03,OHSp03_Int111,.wav,OHSp03_Int111.wav,test,unique exchange in holes,,
OHSp03,OHSp03_Int112,.wav,OHSp03_Int112.wav,test,around without such roads ,,
OHSp03,OHSp03_Int113,.wav,OHSp03_Int113.wav,test,arrived had land can scale,,
OHSp03,OHSp03_Int114,.wav,OHSp03_Int114.wav,test,direct can sweet extreme,,
OHSp03,OHSp03_Int115,.wav,OHSp03_Int115.wav,test,degree prevents from games,,
OHSp03,OHSp03_Int116,.wav,OHSp03_Int116.wav,test,conduct ideal had songs ,,
OHSp03,OHSp03_Int117,.wav,OHSp03_Int117.wav,test,debate reply was mean,,
OHSp03,OHSp03_Int118,.wav,OHSp03_Int118.wav,test,permits achieved but lied,,
OHSp03,OHSp03_Int119,.wav,OHSp03_Int119.wav,test,had value plants to mind,,
OHSp03,OHSp03_Int120,.wav,OHSp03_Int120.wav,test,extend but please his stones,,
OHSp03,OHSp03_Int121,.wav,OHSp03_Int121.wav,test,force of focus moment,,
OHSp03,OHSp03_Int122,.wav,OHSp03_Int122.wav,test,thrown had special office,,
OHSp03,OHSp03_Int123,.wav,OHSp03_Int123.wav,test,absent fields did morning,,
OHSp03,OHSp03_Int124,.wav,OHSp03_Int124.wav,test,lake is pressure sofa,,
OHSp03,OHSp03_Int125,.wav,OHSp03_Int125.wav,test,wanted find the finger,,
OHSp03,OHSp03_Int126,.wav,OHSp03_Int126.wav,test,speaking clear is power,,
OHSp03,OHSp03_Int127,.wav,OHSp03_Int127.wav,test,age of centered wagons,,
OHSp03,OHSp03_Int128,.wav,OHSp03_Int128.wav,test,birth the notice symbol,,
OHSp03,OHSp03_Int129,.wav,OHSp03_Int129.wav,test,drove arrive the other,,
OHSp03,OHSp03_Int130,.wav,OHSp03_Int130.wav,test,passing plus a factor,,
OHSp03,OHSp03_Int131,.wav,OHSp03_Int131.wav,test,depend is longer sound,,
OHSp03,OHSp03_Int132,.wav,OHSp03_Int132.wav,test,compare events of bank,,
OHSp03,OHSp03_Int133,.wav,OHSp03_Int133.wav,test,allow assured remains,,
OHSp03,OHSp03_Int134,.wav,OHSp03_Int134.wav,test,alone become restrained,,
OHSp03,OHSp03_Int135,.wav,OHSp03_Int135.wav,test,before his wish was strong,,
OHSp03,OHSp03_Int136,.wav,OHSp03_Int136.wav,test,present relief among,,
OHSp03,OHSp03_Int137,.wav,OHSp03_Int137.wav,test,required attempt maintain,,
OHSp03,OHSp03_Int138,.wav,OHSp03_Int138.wav,test,a reason guests contained,,
OHSp03,OHSp03_Int139,.wav,OHSp03_Int139.wav,test,itself a band provides,,
OHSp03,OHSp03_Int140,.wav,OHSp03_Int140.wav,test,improve in driving cloud,,
OHSp03,OHSp03_Int141,.wav,OHSp03_Int141.wav,test,during pattern programs,,
OHSp03,OHSp03_Int142,.wav,OHSp03_Int142.wav,test,higher patient concept,,
OHSp03,OHSp03_Int143,.wav,OHSp03_Int143.wav,test,sight about this deeper,,
OHSp03,OHSp03_Int144,.wav,OHSp03_Int144.wav,test,hundred printed license,,
OHSp03,OHSp03_Int145,.wav,OHSp03_Int145.wav,test,form object with knowing,,
OHSp03,OHSp03_Int146,.wav,OHSp03_Int146.wav,test,question major nature,,
OHSp03,OHSp03_Int147,.wav,OHSp03_Int147.wav,test,figure proves from normal,,
OHSp03,OHSp03_Int148,.wav,OHSp03_Int148.wav,test,defend years to something,,
OHSp03,OHSp03_Int149,.wav,OHSp03_Int149.wav,test,now return can money,,
OHSp03,OHSp03_Int150,.wav,OHSp03_Int150.wav,test,deep conceived the feature,,
OHSp03,OHSp03_Int151,.wav,OHSp03_Int151.wav,test,suggest its price reserve,,
OHSp03,OHSp03_Int152,.wav,OHSp03_Int152.wav,test,exam of joy began ,,
OHSp03,OHSp03_Int153,.wav,OHSp03_Int153.wav,test,assign exists perhaps ,,
OHSp03,OHSp03_Int154,.wav,OHSp03_Int154.wav,test,begun his crown belief,,
OHSp03,OHSp03_Int155,.wav,OHSp03_Int155.wav,test,complete it thought or troops,,
OHSp03,OHSp03_Int156,.wav,OHSp03_Int156.wav,test,this daughter presence rules,,
OHSp03,OHSp03_Int157,.wav,OHSp03_Int157.wav,test,recall had future through,,
OHSp03,OHSp03_Int158,.wav,OHSp03_Int158.wav,test,surprise was might between ,,
OHSp03,OHSp03_Int159,.wav,OHSp03_Int159.wav,test,detail require such risk,,
OHSp03,OHSp03_Int160,.wav,OHSp03_Int160.wav,test,desire can bar accept,,
OHSp05,OHSp05_Int01,.wav,OHSp05_Int01.wav,test,account for who could knock,,
OHSp05,OHSp05_Int02,.wav,OHSp05_Int02.wav,test,address her meeting time,,
OHSp05,OHSp05_Int03,.wav,OHSp05_Int03.wav,test,admit the gear beyond,,
OHSp05,OHSp05_Int04,.wav,OHSp05_Int04.wav,test,advance but sat appeal,,
OHSp05,OHSp05_Int05,.wav,OHSp05_Int05.wav,test,afraid beneath demand,,
OHSp05,OHSp05_Int06,.wav,OHSp05_Int06.wav,test,amend estate approach,,
OHSp05,OHSp05_Int07,.wav,OHSp05_Int07.wav,test,and spoke behind her sin,,
OHSp05,OHSp05_Int08,.wav,OHSp05_Int08.wav,test,appear to wait then turn,,
OHSp05,OHSp05_Int09,.wav,OHSp05_Int09.wav,test,assume to catch control,,
OHSp05,OHSp05_Int10,.wav,OHSp05_Int10.wav,test,attack became concerned,,
OHSp05,OHSp05_Int11,.wav,OHSp05_Int11.wav,test,attend the trend success,,
OHSp05,OHSp05_Int12,.wav,OHSp05_Int12.wav,test,avoid or beat command,,
OHSp05,OHSp05_Int13,.wav,OHSp05_Int13.wav,test,award his drain away,,
OHSp05,OHSp05_Int14,.wav,OHSp05_Int14.wav,test,balance clamp and bottle,,
OHSp05,OHSp05_Int15,.wav,OHSp05_Int15.wav,test,beside a sunken bat,,
OHSp05,OHSp05_Int16,.wav,OHSp05_Int16.wav,test,bolder ground from justice,,
OHSp05,OHSp05_Int17,.wav,OHSp05_Int17.wav,test,bush is chosen after,,
OHSp05,OHSp05_Int18,.wav,OHSp05_Int18.wav,test,butcher in the middle,,
OHSp05,OHSp05_Int19,.wav,OHSp05_Int19.wav,test,career despite research,,
OHSp05,OHSp05_Int20,.wav,OHSp05_Int20.wav,test,cheap control in paper,,
OHSp05,OHSp05_Int21,.wav,OHSp05_Int21.wav,test,commit such used advice,,
OHSp05,OHSp05_Int22,.wav,OHSp05_Int22.wav,test,confused but roared again,,
OHSp05,OHSp05_Int23,.wav,OHSp05_Int23.wav,test,connect the beer device,,
OHSp05,OHSp05_Int24,.wav,OHSp05_Int24.wav,test,constant willing walker,,
OHSp05,OHSp05_Int25,.wav,OHSp05_Int25.wav,test,cool the jar in private,,
OHSp05,OHSp05_Int26,.wav,OHSp05_Int26.wav,test,darker painted baskets,,
OHSp05,OHSp05_Int27,.wav,OHSp05_Int27.wav,test,define respect instead,,
OHSp05,OHSp05_Int28,.wav,OHSp05_Int28.wav,test,distant leaking basement,,
OHSp05,OHSp05_Int29,.wav,OHSp05_Int29.wav,test,divide across retreat,,
OHSp05,OHSp05_Int30,.wav,OHSp05_Int30.wav,test,done with finest handle,,
OHSp05,OHSp05_Int31,.wav,OHSp05_Int31.wav,test,embark or take her sheet,,
OHSp05,OHSp05_Int32,.wav,OHSp05_Int32.wav,test,for coke a great defeat,,
OHSp05,OHSp05_Int33,.wav,OHSp05_Int33.wav,test,forget the joke below,,
OHSp05,OHSp05_Int34,.wav,OHSp05_Int34.wav,test,frame her seed to answer,,
OHSp05,OHSp05_Int35,.wav,OHSp05_Int35.wav,test,functions aim his acid,,
OHSp05,OHSp05_Int36,.wav,OHSp05_Int36.wav,test,had eaten junk and train,,
OHSp05,OHSp05_Int37,.wav,OHSp05_Int37.wav,test,her owners arm the phone,,
OHSp05,OHSp05_Int38,.wav,OHSp05_Int38.wav,test,hold a page of fortune,,
OHSp05,OHSp05_Int39,.wav,OHSp05_Int39.wav,test,increase a grade sedate,,
OHSp05,OHSp05_Int40,.wav,OHSp05_Int40.wav,test,indeed a tax ascent,,
OHSp05,OHSp05_Int41,.wav,OHSp05_Int41.wav,test,its harmful note abounds,,
OHSp05,OHSp05_Int42,.wav,OHSp05_Int42.wav,test,kick a tad above them,,
OHSp05,OHSp05_Int43,.wav,OHSp05_Int43.wav,test,listen final station,,
OHSp05,OHSp05_Int44,.wav,OHSp05_Int44.wav,test,mark a single ladder,,
OHSp05,OHSp05_Int45,.wav,OHSp05_Int45.wav,test,mate denotes a judgement,,
OHSp05,OHSp05_Int46,.wav,OHSp05_Int46.wav,test,may the same pursued it,,
OHSp05,OHSp05_Int47,.wav,OHSp05_Int47.wav,test,measure fame with legal,,
OHSp05,OHSp05_Int48,.wav,OHSp05_Int48.wav,test,mistake delight for heat,,
OHSp05,OHSp05_Int49,.wav,OHSp05_Int49.wav,test,mode campaign for budget,,
OHSp05,OHSp05_Int50,.wav,OHSp05_Int50.wav,test,model sad and local,,
OHSp05,OHSp05_Int51,.wav,OHSp05_Int51.wav,test,narrow seated member,,
OHSp05,OHSp05_Int52,.wav,OHSp05_Int52.wav,test,or spent sincere aside,,
OHSp05,OHSp05_Int53,.wav,OHSp05_Int53.wav,test,pain can follow agents,,
OHSp05,OHSp05_Int54,.wav,OHSp05_Int54.wav,test,perceive sustained supplies,,
OHSp05,OHSp05_Int55,.wav,OHSp05_Int55.wav,test,pick a chain for action,,
OHSp05,OHSp05_Int56,.wav,OHSp05_Int56.wav,test,pooling pill or cattle,,
OHSp05,OHSp05_Int57,.wav,OHSp05_Int57.wav,test,push her equal culture,,
OHSp05,OHSp05_Int58,.wav,OHSp05_Int58.wav,test,rampant boasting captain,,
OHSp05,OHSp05_Int59,.wav,OHSp05_Int59.wav,test,remove and name for stake,,
OHSp05,OHSp05_Int60,.wav,OHSp05_Int60.wav,test,resting older earring,,
OHSp05,OHSp05_Int61,.wav,OHSp05_Int61.wav,test,rocking modern poster,,
OHSp05,OHSp05_Int62,.wav,OHSp05_Int62.wav,test,rode the lamp for teasing,,
OHSp05,OHSp05_Int63,.wav,OHSp05_Int63.wav,test,round and bad for carpet,,
OHSp05,OHSp05_Int64,.wav,OHSp05_Int64.wav,test,rowing farther matters,,
OHSp05,OHSp05_Int65,.wav,OHSp05_Int65.wav,test,seat for locking runners,,
OHSp05,OHSp05_Int66,.wav,OHSp05_Int66.wav,test,secure but lease apart,,
OHSp05,OHSp05_Int67,.wav,OHSp05_Int67.wav,test,signal breakfast pilot,,
OHSp05,OHSp05_Int68,.wav,OHSp05_Int68.wav,test,sinking rather tundra,,
OHSp05,OHSp05_Int69,.wav,OHSp05_Int69.wav,test,sparkle enter broken,,
OHSp05,OHSp05_Int70,.wav,OHSp05_Int70.wav,test,stable wrist and load it,,
OHSp05,OHSp05_Int71,.wav,OHSp05_Int71.wav,test,submit his cash report,,
OHSp05,OHSp05_Int72,.wav,OHSp05_Int72.wav,test,support with dock and cheer,,
OHSp05,OHSp05_Int73,.wav,OHSp05_Int73.wav,test,target keeping season,,
OHSp05,OHSp05_Int74,.wav,OHSp05_Int74.wav,test,technique but sent result,,
OHSp05,OHSp05_Int75,.wav,OHSp05_Int75.wav,test,thinking for the hearing,,
OHSp05,OHSp05_Int76,.wav,OHSp05_Int76.wav,test,to sort but fear inside,,
OHSp05,OHSp05_Int77,.wav,OHSp05_Int77.wav,test,transcend almost betrayed,,
OHSp05,OHSp05_Int78,.wav,OHSp05_Int78.wav,test,unless escape can learn,,
OHSp05,OHSp05_Int79,.wav,OHSp05_Int79.wav,test,unseen machines agree,,
OHSp05,OHSp05_Int80,.wav,OHSp05_Int80.wav,test,vital seats with wonder,,
OHSp05,OHSp05_Int81,.wav,OHSp05_Int81.wav,test,people bought such minor,,
OHSp05,OHSp05_Int82,.wav,OHSp05_Int82.wav,test,world repeats with feelings,,
OHSp05,OHSp05_Int83,.wav,OHSp05_Int83.wav,test,orders fairly level,,
OHSp05,OHSp05_Int84,.wav,OHSp05_Int84.wav,test,mister types is fashion,,
OHSp05,OHSp05_Int85,.wav,OHSp05_Int85.wav,test,plenty please or causes,,
OHSp05,OHSp05_Int86,.wav,OHSp05_Int86.wav,test,closer showing metal,,
OHSp05,OHSp05_Int87,.wav,OHSp05_Int87.wav,test,friendly moon was sectioned,,
OHSp05,OHSp05_Int88,.wav,OHSp05_Int88.wav,test,plan reduced its setting,,
OHSp05,OHSp05_Int89,.wav,OHSp05_Int89.wav,test,both enjoyed was processed,,
OHSp05,OHSp05_Int90,.wav,OHSp05_Int90.wav,test,ancient leading students,,
OHSp05,OHSp05_Int91,.wav,OHSp05_Int91.wav,test,refused percent to goal ,,
OHSp05,OHSp05_Int92,.wav,OHSp05_Int92.wav,test,aware reviewed such trees,,
OHSp05,OHSp05_Int93,.wav,OHSp05_Int93.wav,test,derived extent with streets,,
OHSp05,OHSp05_Int94,.wav,OHSp05_Int94.wav,test,regards because had class,,
OHSp05,OHSp05_Int95,.wav,OHSp05_Int95.wav,test,intense perfects such coasts,,
OHSp05,OHSp05_Int96,.wav,OHSp05_Int96.wav,test,begins excess is near,,
OHSp05,OHSp05_Int97,.wav,OHSp05_Int97.wav,test,create her spot of art,,
OHSp05,OHSp05_Int98,.wav,OHSp05_Int98.wav,test,obtain contracts from tasks,,
OHSp05,OHSp05_Int99,.wav,OHSp05_Int99.wav,test,effect his wage but stood,,
OHSp05,OHSp05_Int100,.wav,OHSp05_Int100.wav,test,refer to good from league ,,
OHSp05,OHSp05_Int101,.wav,OHSp05_Int101.wav,test,headed wheels with stories,,
OHSp05,OHSp05_Int102,.wav,OHSp05_Int102.wav,test,each informed from flowers,,
OHSp05,OHSp05_Int103,.wav,OHSp05_Int103.wav,test,motion double garden,,
OHSp05,OHSp05_Int104,.wav,OHSp05_Int104.wav,test,weather pure was surfaced,,
OHSp05,OHSp05_Int105,.wav,OHSp05_Int105.wav,test,tension known from pleasure,,
OHSp05,OHSp05_Int106,.wav,OHSp05_Int106.wav,test,rhythm under artist,,
OHSp05,OHSp05_Int107,.wav,OHSp05_Int107.wav,test,housing drawn in samples,,
OHSp05,OHSp05_Int108,.wav,OHSp05_Int108.wav,test,truth improved in shelters,,
OHSp05,OHSp05_Int109,.wav,OHSp05_Int109.wav,test,fort believed such orders,,
OHSp05,OHSp05_Int110,.wav,OHSp05_Int110.wav,test,music useful rising,,
OHSp05,OHSp05_Int111,.wav,OHSp05_Int111.wav,test,unique exchange in holes,,
OHSp05,OHSp05_Int112,.wav,OHSp05_Int112.wav,test,around without such roads ,,
OHSp05,OHSp05_Int113,.wav,OHSp05_Int113.wav,test,arrived had land can scale,,
OHSp05,OHSp05_Int114,.wav,OHSp05_Int114.wav,test,direct can sweet extreme,,
OHSp05,OHSp05_Int115,.wav,OHSp05_Int115.wav,test,degree prevents from games,,
OHSp05,OHSp05_Int116,.wav,OHSp05_Int116.wav,test,conduct ideal had songs ,,
OHSp05,OHSp05_Int117,.wav,OHSp05_Int117.wav,test,debate reply was mean,,
OHSp05,OHSp05_Int118,.wav,OHSp05_Int118.wav,test,permits achieved but lied,,
OHSp05,OHSp05_Int119,.wav,OHSp05_Int119.wav,test,had value plants to mind,,
OHSp05,OHSp05_Int120,.wav,OHSp05_Int120.wav,test,extend but please his stones,,
OHSp05,OHSp05_Int121,.wav,OHSp05_Int121.wav,test,force of focus moment,,
OHSp05,OHSp05_Int122,.wav,OHSp05_Int122.wav,test,thrown had special office,,
OHSp05,OHSp05_Int123,.wav,OHSp05_Int123.wav,test,absent fields did morning,,
OHSp05,OHSp05_Int124,.wav,OHSp05_Int124.wav,test,lake is pressure sofa,,
OHSp05,OHSp05_Int125,.wav,OHSp05_Int125.wav,test,wanted find the finger,,
OHSp05,OHSp05_Int126,.wav,OHSp05_Int126.wav,test,speaking clear is power,,
OHSp05,OHSp05_Int127,.wav,OHSp05_Int127.wav,test,age of centered wagons,,
OHSp05,OHSp05_Int128,.wav,OHSp05_Int128.wav,test,birth the notice symbol,,
OHSp05,OHSp05_Int129,.wav,OHSp05_Int129.wav,test,drove arrive the other,,
OHSp05,OHSp05_Int130,.wav,OHSp05_Int130.wav,test,passing plus a factor,,
OHSp05,OHSp05_Int131,.wav,OHSp05_Int131.wav,test,depend is longer sound,,
OHSp05,OHSp05_Int132,.wav,OHSp05_Int132.wav,test,compare events of bank,,
OHSp05,OHSp05_Int133,.wav,OHSp05_Int133.wav,test,allow assured remains,,
OHSp05,OHSp05_Int134,.wav,OHSp05_Int134.wav,test,alone become restrained,,
OHSp05,OHSp05_Int135,.wav,OHSp05_Int135.wav,test,before his wish was strong,,
OHSp05,OHSp05_Int136,.wav,OHSp05_Int136.wav,test,present relief among,,
OHSp05,OHSp05_Int137,.wav,OHSp05_Int137.wav,test,required attempt maintain,,
OHSp05,OHSp05_Int138,.wav,OHSp05_Int138.wav,test,a reason guests contained,,
OHSp05,OHSp05_Int139,.wav,OHSp05_Int139.wav,test,itself a band provides,,
OHSp05,OHSp05_Int140,.wav,OHSp05_Int140.wav,test,improve in driving cloud,,
OHSp05,OHSp05_Int141,.wav,OHSp05_Int141.wav,test,during pattern programs,,
OHSp05,OHSp05_Int142,.wav,OHSp05_Int142.wav,test,higher patient concept,,
OHSp05,OHSp05_Int143,.wav,OHSp05_Int143.wav,test,sight about this deeper,,
OHSp05,OHSp05_Int144,.wav,OHSp05_Int144.wav,test,hundred printed license,,
OHSp05,OHSp05_Int145,.wav,OHSp05_Int145.wav,test,form object with knowing,,
OHSp05,OHSp05_Int146,.wav,OHSp05_Int146.wav,test,question major nature,,
OHSp05,OHSp05_Int147,.wav,OHSp05_Int147.wav,test,figure proves from normal,,
OHSp05,OHSp05_Int148,.wav,OHSp05_Int148.wav,test,defend years to something,,
OHSp05,OHSp05_Int149,.wav,OHSp05_Int149.wav,test,now return can money,,
OHSp05,OHSp05_Int150,.wav,OHSp05_Int150.wav,test,deep conceived the feature,,
OHSp05,OHSp05_Int151,.wav,OHSp05_Int151.wav,test,suggest its price reserve,,
OHSp05,OHSp05_Int152,.wav,OHSp05_Int152.wav,test,exam of joy began ,,
OHSp05,OHSp05_Int153,.wav,OHSp05_Int153.wav,test,assign exists perhaps ,,
OHSp05,OHSp05_Int154,.wav,OHSp05_Int154.wav,test,begun his crown belief,,
OHSp05,OHSp05_Int155,.wav,OHSp05_Int155.wav,test,complete it thought or troops,,
OHSp05,OHSp05_Int156,.wav,OHSp05_Int156.wav,test,this daughter presents rules,,
OHSp05,OHSp05_Int157,.wav,OHSp05_Int157.wav,test,recall had future through,,
OHSp05,OHSp05_Int158,.wav,OHSp05_Int158.wav,test,surprise was might between ,,
OHSp05,OHSp05_Int159,.wav,OHSp05_Int159.wav,test,detail require such risk,,
OHSp05,OHSp05_Int160,.wav,OHSp05_Int160.wav,test,desire can bar accept,,
OHSp07,OHSp07_Int01,.wav,OHSp07_Int01.wav,test,account for who could knock,,
OHSp07,OHSp07_Int02,.wav,OHSp07_Int02.wav,test,address her meeting time,,
OHSp07,OHSp07_Int03,.wav,OHSp07_Int03.wav,test,admit the gear beyond,,
OHSp07,OHSp07_Int04,.wav,OHSp07_Int04.wav,test,advance but sat appeal,,
OHSp07,OHSp07_Int05,.wav,OHSp07_Int05.wav,test,afraid beneath demand,,
OHSp07,OHSp07_Int06,.wav,OHSp07_Int06.wav,test,amend estate approach,,
OHSp07,OHSp07_Int07,.wav,OHSp07_Int07.wav,test,and spoke behind her sin,,
OHSp07,OHSp07_Int08,.wav,OHSp07_Int08.wav,test,appear to wait their turn,,
OHSp07,OHSp07_Int09,.wav,OHSp07_Int09.wav,test,assume to catch control,,
OHSp07,OHSp07_Int10,.wav,OHSp07_Int10.wav,test,attack became concerned,,
OHSp07,OHSp07_Int11,.wav,OHSp07_Int11.wav,test,attend the trend success,,
OHSp07,OHSp07_Int12,.wav,OHSp07_Int12.wav,test,avoid or beat command,,
OHSp07,OHSp07_Int13,.wav,OHSp07_Int13.wav,test,award his drain away,,
OHSp07,OHSp07_Int14,.wav,OHSp07_Int14.wav,test,balance clamp and bottle,,
OHSp07,OHSp07_Int15,.wav,OHSp07_Int15.wav,test,beside a sunken bat,,
OHSp07,OHSp07_Int16,.wav,OHSp07_Int16.wav,test,bolder ground from justice,,
OHSp07,OHSp07_Int17,.wav,OHSp07_Int17.wav,test,bush is chosen after,,
OHSp07,OHSp07_Int18,.wav,OHSp07_Int18.wav,test,butcher in the middle,,
OHSp07,OHSp07_Int19,.wav,OHSp07_Int19.wav,test,career despite research,,
OHSp07,OHSp07_Int20,.wav,OHSp07_Int20.wav,test,cheap control in paper,,
OHSp07,OHSp07_Int21,.wav,OHSp07_Int21.wav,test,commit such used advice,,
OHSp07,OHSp07_Int22,.wav,OHSp07_Int22.wav,test,confused but roared again,,
OHSp07,OHSp07_Int23,.wav,OHSp07_Int23.wav,test,connect the beer device,,
OHSp07,OHSp07_Int24,.wav,OHSp07_Int24.wav,test,constant willing walker,,
OHSp07,OHSp07_Int25,.wav,OHSp07_Int25.wav,test,cool the jar in private,,
OHSp07,OHSp07_Int26,.wav,OHSp07_Int26.wav,test,darker painted baskets,,
OHSp07,OHSp07_Int27,.wav,OHSp07_Int27.wav,test,define respect instead,,
OHSp07,OHSp07_Int28,.wav,OHSp07_Int28.wav,test,distant leaking basement,,
OHSp07,OHSp07_Int29,.wav,OHSp07_Int29.wav,test,divide across retreat,,
OHSp07,OHSp07_Int30,.wav,OHSp07_Int30.wav,test,done with finest handle,,
OHSp07,OHSp07_Int31,.wav,OHSp07_Int31.wav,test,embark or take her sheet,,
OHSp07,OHSp07_Int32,.wav,OHSp07_Int32.wav,test,for coke a great defect,,
OHSp07,OHSp07_Int33,.wav,OHSp07_Int33.wav,test,forget the joke below,,
OHSp07,OHSp07_Int34,.wav,OHSp07_Int34.wav,test,frame her seed to answer,,
OHSp07,OHSp07_Int35,.wav,OHSp07_Int35.wav,test,functions aim his acid,,
OHSp07,OHSp07_Int36,.wav,OHSp07_Int36.wav,test,had eaten junk and train,,
OHSp07,OHSp07_Int37,.wav,OHSp07_Int37.wav,test,her owners arm the phone,,
OHSp07,OHSp07_Int38,.wav,OHSp07_Int38.wav,test,hold a page of fortune,,
OHSp07,OHSp07_Int39,.wav,OHSp07_Int39.wav,test,increase a grade sedate,,
OHSp07,OHSp07_Int40,.wav,OHSp07_Int40.wav,test,indeed a tax ascent,,
OHSp07,OHSp07_Int41,.wav,OHSp07_Int41.wav,test,its harmful note abounds,,
OHSp07,OHSp07_Int42,.wav,OHSp07_Int42.wav,test,kick a tad above them,,
OHSp07,OHSp07_Int43,.wav,OHSp07_Int43.wav,test,listen final station,,
OHSp07,OHSp07_Int44,.wav,OHSp07_Int44.wav,test,mark a single ladder,,
OHSp07,OHSp07_Int45,.wav,OHSp07_Int45.wav,test,mate denotes a judgement,,
OHSp07,OHSp07_Int46,.wav,OHSp07_Int46.wav,test,may the same pursued it,,
OHSp07,OHSp07_Int47,.wav,OHSp07_Int47.wav,test,measure fame with legal,,
OHSp07,OHSp07_Int48,.wav,OHSp07_Int48.wav,test,mistake delight for heat,,
OHSp07,OHSp07_Int49,.wav,OHSp07_Int49.wav,test,mode campaign for budget,,
OHSp07,OHSp07_Int50,.wav,OHSp07_Int50.wav,test,model sad and local,,
OHSp07,OHSp07_Int51,.wav,OHSp07_Int51.wav,test,narrow seated member,,
OHSp07,OHSp07_Int52,.wav,OHSp07_Int52.wav,test,or spent sincere aside,,
OHSp07,OHSp07_Int53,.wav,OHSp07_Int53.wav,test,pain can follow agents,,
OHSp07,OHSp07_Int54,.wav,OHSp07_Int54.wav,test,perceive sustained supplies,,
OHSp07,OHSp07_Int55,.wav,OHSp07_Int55.wav,test,pick a chain for action,,
OHSp07,OHSp07_Int56,.wav,OHSp07_Int56.wav,test,pooling pill or cattle,,
OHSp07,OHSp07_Int57,.wav,OHSp07_Int57.wav,test,push for equal culture,,
OHSp07,OHSp07_Int58,.wav,OHSp07_Int58.wav,test,rampant boasting captain,,
OHSp07,OHSp07_Int59,.wav,OHSp07_Int59.wav,test,remove and name for stake,,
OHSp07,OHSp07_Int60,.wav,OHSp07_Int60.wav,test,resting older earring,,
OHSp07,OHSp07_Int61,.wav,OHSp07_Int61.wav,test,rocking modern poster,,
OHSp07,OHSp07_Int62,.wav,OHSp07_Int62.wav,test,rode the lamp for teasing,,
OHSp07,OHSp07_Int63,.wav,OHSp07_Int63.wav,test,round and bad for carpet,,
OHSp07,OHSp07_Int64,.wav,OHSp07_Int64.wav,test,rowing farther matters,,
OHSp07,OHSp07_Int65,.wav,OHSp07_Int65.wav,test,seat for locking runners,,
OHSp07,OHSp07_Int66,.wav,OHSp07_Int66.wav,test,secure but lease apart,,
OHSp07,OHSp07_Int67,.wav,OHSp07_Int67.wav,test,signal breakfast pilot,,
OHSp07,OHSp07_Int68,.wav,OHSp07_Int68.wav,test,seeking rather tundra,,
OHSp07,OHSp07_Int69,.wav,OHSp07_Int69.wav,test,sparkle enter broken,,
OHSp07,OHSp07_Int70,.wav,OHSp07_Int70.wav,test,stable wrist and load it,,
OHSp07,OHSp07_Int71,.wav,OHSp07_Int71.wav,test,submit his cash report,,
OHSp07,OHSp07_Int72,.wav,OHSp07_Int72.wav,test,support with dock and cheer,,
OHSp07,OHSp07_Int73,.wav,OHSp07_Int73.wav,test,target keeping season,,
OHSp07,OHSp07_Int74,.wav,OHSp07_Int74.wav,test,technique but sent result,,
OHSp07,OHSp07_Int75,.wav,OHSp07_Int75.wav,test,thinking for the hearing,,
OHSp07,OHSp07_Int76,.wav,OHSp07_Int76.wav,test,to sort but fear inside,,
OHSp07,OHSp07_Int77,.wav,OHSp07_Int77.wav,test,transcend most betrayed,,
OHSp07,OHSp07_Int78,.wav,OHSp07_Int78.wav,test,unless escape can learn,,
OHSp07,OHSp07_Int79,.wav,OHSp07_Int79.wav,test,unseen machines agree,,
OHSp07,OHSp07_Int80,.wav,OHSp07_Int80.wav,test,vital seats with wonder,,
OHSp07,OHSp07_Int81,.wav,OHSp07_Int81.wav,test,people bought such minor,,
OHSp07,OHSp07_Int82,.wav,OHSp07_Int82.wav,test,world repeats with feelings,,
OHSp07,OHSp07_Int83,.wav,OHSp07_Int83.wav,test,orders fairly level,,
OHSp07,OHSp07_Int84,.wav,OHSp07_Int84.wav,test,mister types is fashion,,
OHSp07,OHSp07_Int85,.wav,OHSp07_Int85.wav,test,plenty please or causes,,
OHSp07,OHSp07_Int86,.wav,OHSp07_Int86.wav,test,closer showing metal,,
OHSp07,OHSp07_Int87,.wav,OHSp07_Int87.wav,test,friendly moon was sectioned,,
OHSp07,OHSp07_Int88,.wav,OHSp07_Int88.wav,test,plan reduced its setting,,
OHSp07,OHSp07_Int89,.wav,OHSp07_Int89.wav,test,both enjoyed was processed,,
OHSp07,OHSp07_Int90,.wav,OHSp07_Int90.wav,test,ancient leading students,,
OHSp07,OHSp07_Int91,.wav,OHSp07_Int91.wav,test,refused percent to goal ,,
OHSp07,OHSp07_Int92,.wav,OHSp07_Int92.wav,test,aware reviewed such trees,,
OHSp07,OHSp07_Int93,.wav,OHSp07_Int93.wav,test,derived extent with streets,,
OHSp07,OHSp07_Int94,.wav,OHSp07_Int94.wav,test,regards because had class,,
OHSp07,OHSp07_Int95,.wav,OHSp07_Int95.wav,test,intense perfects such coasts,,
OHSp07,OHSp07_Int96,.wav,OHSp07_Int96.wav,test,begins excess is near,,
OHSp07,OHSp07_Int97,.wav,OHSp07_Int97.wav,test,create her spot of art,,
OHSp07,OHSp07_Int98,.wav,OHSp07_Int98.wav,test,obtain contracts from tasks,,
OHSp07,OHSp07_Int99,.wav,OHSp07_Int99.wav,test,effect his wage but stood,,
OHSp07,OHSp07_Int100,.wav,OHSp07_Int100.wav,test,refer to good from league ,,
OHSp07,OHSp07_Int101,.wav,OHSp07_Int101.wav,test,headed wheels with stories,,
OHSp07,OHSp07_Int102,.wav,OHSp07_Int102.wav,test,each informed from flowers,,
OHSp07,OHSp07_Int103,.wav,OHSp07_Int103.wav,test,motion double garden,,
OHSp07,OHSp07_Int104,.wav,OHSp07_Int104.wav,test,weather pure was surfaced,,
OHSp07,OHSp07_Int105,.wav,OHSp07_Int105.wav,test,tension known from pleasure,,
OHSp07,OHSp07_Int106,.wav,OHSp07_Int106.wav,test,rhythm under artist,,
OHSp07,OHSp07_Int107,.wav,OHSp07_Int107.wav,test,housing drawn in samples,,
OHSp07,OHSp07_Int108,.wav,OHSp07_Int108.wav,test,truth improved in shelters,,
OHSp07,OHSp07_Int109,.wav,OHSp07_Int109.wav,test,fort believed such orders,,
OHSp07,OHSp07_Int110,.wav,OHSp07_Int110.wav,test,music useful rising,,
OHSp07,OHSp07_Int111,.wav,OHSp07_Int111.wav,test,unique exchange in holes,,
OHSp07,OHSp07_Int112,.wav,OHSp07_Int112.wav,test,around without such roads ,,
OHSp07,OHSp07_Int113,.wav,OHSp07_Int113.wav,test,arrived had land can scale,,
OHSp07,OHSp07_Int114,.wav,OHSp07_Int114.wav,test,direct can sweet extreme,,
OHSp07,OHSp07_Int115,.wav,OHSp07_Int115.wav,test,degree presents from games,,
OHSp07,OHSp07_Int116,.wav,OHSp07_Int116.wav,test,conduct ideal had songs ,,
OHSp07,OHSp07_Int117,.wav,OHSp07_Int117.wav,test,debate reply was mean,,
OHSp07,OHSp07_Int118,.wav,OHSp07_Int118.wav,test,permits achieved but lied,,
OHSp07,OHSp07_Int119,.wav,OHSp07_Int119.wav,test,had value plants to mind,,
OHSp07,OHSp07_Int120,.wav,OHSp07_Int120.wav,test,extend but please his stones,,
OHSp07,OHSp07_Int121,.wav,OHSp07_Int121.wav,test,force of focus moment,,
OHSp07,OHSp07_Int122,.wav,OHSp07_Int122.wav,test,thrown had special office,,
OHSp07,OHSp07_Int123,.wav,OHSp07_Int123.wav,test,absence fields did morning,,
OHSp07,OHSp07_Int124,.wav,OHSp07_Int124.wav,test,lake is pressure sofa,,
OHSp07,OHSp07_Int125,.wav,OHSp07_Int125.wav,test,wanted find the finger,,
OHSp07,OHSp07_Int126,.wav,OHSp07_Int126.wav,test,speaking clear is power,,
OHSp07,OHSp07_Int127,.wav,OHSp07_Int127.wav,test,age of centered wagons,,
OHSp07,OHSp07_Int128,.wav,OHSp07_Int128.wav,test,birth the notice symbol,,
OHSp07,OHSp07_Int129,.wav,OHSp07_Int129.wav,test,drove arrive the other,,
OHSp07,OHSp07_Int130,.wav,OHSp07_Int130.wav,test,passing plus a factor,,
OHSp07,OHSp07_Int131,.wav,OHSp07_Int131.wav,test,depend is longer sound,,
OHSp07,OHSp07_Int132,.wav,OHSp07_Int132.wav,test,compare events of bank,,
OHSp07,OHSp07_Int133,.wav,OHSp07_Int133.wav,test,allow assured remains,,
OHSp07,OHSp07_Int134,.wav,OHSp07_Int134.wav,test,alone become restrained,,
OHSp07,OHSp07_Int135,.wav,OHSp07_Int135.wav,test,before his wish was strong,,
OHSp07,OHSp07_Int136,.wav,OHSp07_Int136.wav,test,present relief among,,
OHSp07,OHSp07_Int137,.wav,OHSp07_Int137.wav,test,required attempt remain,,
OHSp07,OHSp07_Int138,.wav,OHSp07_Int138.wav,test,a reason guests contained,,
OHSp07,OHSp07_Int139,.wav,OHSp07_Int139.wav,test,itself a band provides,,
OHSp07,OHSp07_Int140,.wav,OHSp07_Int140.wav,test,improve in driving cloud,,
OHSp07,OHSp07_Int141,.wav,OHSp07_Int141.wav,test,during pattern programs,,
OHSp07,OHSp07_Int142,.wav,OHSp07_Int142.wav,test,higher patient concept,,
OHSp07,OHSp07_Int143,.wav,OHSp07_Int143.wav,test,sight about this deeper,,
OHSp07,OHSp07_Int144,.wav,OHSp07_Int144.wav,test,hundred printed license,,
OHSp07,OHSp07_Int145,.wav,OHSp07_Int145.wav,test,form object with knowing,,
OHSp07,OHSp07_Int146,.wav,OHSp07_Int146.wav,test,question major nature,,
OHSp07,OHSp07_Int147,.wav,OHSp07_Int147.wav,test,figure proves from normal,,
OHSp07,OHSp07_Int148,.wav,OHSp07_Int148.wav,test,defend years to something,,
OHSp07,OHSp07_Int149,.wav,OHSp07_Int149.wav,test,now return can money,,
OHSp07,OHSp07_Int150,.wav,OHSp07_Int150.wav,test,deep conceived the feature,,
OHSp07,OHSp07_Int151,.wav,OHSp07_Int151.wav,test,suggest its price reserve,,
OHSp07,OHSp07_Int152,.wav,OHSp07_Int152.wav,test,exam of joy began ,,
OHSp07,OHSp07_Int153,.wav,OHSp07_Int153.wav,test,assign except perhaps ,,
OHSp07,OHSp07_Int154,.wav,OHSp07_Int154.wav,test,begun his crown belief,,
OHSp07,OHSp07_Int155,.wav,OHSp07_Int155.wav,test,complete it thought or troops,,
OHSp07,OHSp07_Int156,.wav,OHSp07_Int156.wav,test,this daughter presence rules,,
OHSp07,OHSp07_Int157,.wav,OHSp07_Int157.wav,test,recall had future through,,
OHSp07,OHSp07_Int158,.wav,OHSp07_Int158.wav,test,surprise was might between ,,
OHSp07,OHSp07_Int159,.wav,OHSp07_Int159.wav,test,detail require such risk,,
OHSp07,OHSp07_Int160,.wav,OHSp07_Int160.wav,test,desire can bar accept,,
OHSp02,OHSp02_Trn_02_01,.wav,OHSp02_Trn_02_01.wav,story,,story2,"Do you like amusement parks? Well, I sure do."
OHSp02,OHSp02_Trn_02_02,.wav,OHSp02_Trn_02_02.wav,story,,story2,"To amuse myself, I went twice last spring."
OHSp02,OHSp02_Trn_02_03,.wav,OHSp02_Trn_02_03.wav,story,,story2,My most memorable moment was riding on the caterpillar.
OHSp02,OHSp02_Trn_02_04,.wav,OHSp02_Trn_02_04.wav,story,,story2,Which is a gigantic rollercoaster high above the ground.
OHSp02,OHSp02_Trn_02_05,.wav,OHSp02_Trn_02_05.wav,story,,story2,"When I saw how high the Caterpillar rose into the bright blue sky, I knew it was for me."
OHSp02,OHSp02_Trn_02_06,.wav,OHSp02_Trn_02_06.wav,story,,story2,"After waiting in line for thirty minutes, I made it to the front, where the man measured my height to see if I was tall enough."
OHSp02,OHSp02_Trn_02_07,.wav,OHSp02_Trn_02_07.wav,story,,story2,"I gave the man my coins, asked for change, and jumped on the cart."
OHSp02,OHSp02_Trn_02_08,.wav,OHSp02_Trn_02_08.wav,story,,story2,"Tick, tick, tick... The Caterpillar climbed slowly up the tracks."
OHSp02,OHSp02_Trn_02_09,.wav,OHSp02_Trn_02_09.wav,story,,story2,"It went so high I could see the parking lot. Boy, I was scared."
OHSp02,OHSp02_Trn_02_10,.wav,OHSp02_Trn_02_10.wav,story,,story2,"I thought to myself, ""There's no turning back now."""
OHSp02,OHSp02_Trn_02_11,.wav,OHSp02_Trn_02_11.wav,story,,story2,People were so scared.
OHSp02,OHSp02_Trn_02_12,.wav,OHSp02_Trn_02_12.wav,story,,story2,"They screamed as we swiftly zoomed, fast and fast and faster along the tracks"
OHSp02,OHSp02_Trn_02_13,.wav,OHSp02_Trn_02_13.wav,story,,story2,"As quickly as it started, the Caterpillar came to a stop."
OHSp02,OHSp02_Trn_02_14,.wav,OHSp02_Trn_02_14.wav,story,,story2,"Unfortunately, it was time to pack the car and drive home."
OHSp02,OHSp02_Trn_02_15,.wav,OHSp02_Trn_02_15.wav,story,,story2,"That night, I dreamt of the wild ride on the Caterpillar"
OHSp02,OHSp02_Trn_02_16,.wav,OHSp02_Trn_02_16.wav,story,,story2,Taking a trip to the amusement park and riding on the Caterpillar was my most memorable moment ever!
OHSp02,OHSp02_Trn_03_01,.wav,OHSp02_Trn_03_01.wav,story,,story3,"Megan’s cat, Snowball, loved to play in the garden."
OHSp02,OHSp02_Trn_03_02,.wav,OHSp02_Trn_03_02.wav,story,,story3,"Every morning, Megan opened the back door, and Snowball dashed outside."
OHSp02,OHSp02_Trn_03_03,.wav,OHSp02_Trn_03_03.wav,story,,story3,"The little cat chased butterflies, sniffed flowers, and climbed the old oak tree."
OHSp02,OHSp02_Trn_03_04,.wav,OHSp02_Trn_03_04.wav,story,,story3,Megan often called Snowball her “explorer” because she loved to investigate every corner of the yard.
OHSp02,OHSp02_Trn_03_05,.wav,OHSp02_Trn_03_05.wav,story,,story3,"One day, a squirrel darted across the lawn. Snowball froze."
OHSp02,OHSp02_Trn_03_06,.wav,OHSp02_Trn_03_06.wav,story,,story3,"The squirrel stopped too, holding an acorn in its tiny paws."
OHSp02,OHSp02_Trn_03_07,.wav,OHSp02_Trn_03_07.wav,story,,story3,"Megan watched from the window, curious to see what would happen."
OHSp02,OHSp02_Trn_03_08,.wav,OHSp02_Trn_03_08.wav,story,,story3,"After a long pause, Snowball jumped forward, but the squirrel was faster."
OHSp02,OHSp02_Trn_03_09,.wav,OHSp02_Trn_03_09.wav,story,,story3,It ran up the tree and disappeared into the branches.
OHSp02,OHSp02_Trn_03_10,.wav,OHSp02_Trn_03_10.wav,story,,story3,"Snowball meowed loudly, staring after it."
OHSp02,OHSp02_Trn_03_11,.wav,OHSp02_Trn_03_11.wav,story,,story3,"A moment later, she darted back to Megan and curled up in her lap, playing with her blanket."
OHSp02,OHSp02_Trn_03_12,.wav,OHSp02_Trn_03_12.wav,story,,story3,"Megan laughed and said, “Your playfulness never ends, Snowball!”"
OHSp02,OHSp02_Trn_03_13,.wav,OHSp02_Trn_03_13.wav,story,,story3,"She patted her gently and added, “Maybe next time you’ll catch that squirrel.”"
OHSp02,OHSp02_Trn_03_14,.wav,OHSp02_Trn_03_14.wav,story,,story3,"Snowball purred contentedly, resting her head on Megan’s arm."
OHSp02,OHSp02_Trn_04_01,.wav,OHSp02_Trn_04_01.wav,story,,story4,"Every summer, Jake and his friends visited the lake near his grandfather’s cabin."
OHSp02,OHSp02_Trn_04_02,.wav,OHSp02_Trn_04_02.wav,story,,story4,"The water sparkled under the bright sun, and the tall trees swayed gently in the breeze."
OHSp02,OHSp02_Trn_04_03,.wav,OHSp02_Trn_04_03.wav,story,,story4,"One afternoon, Jake decided to go fishing."
OHSp02,OHSp02_Trn_04_04,.wav,OHSp02_Trn_04_04.wav,story,,story4," He grabbed a rod, bait, and a bucket, then walked to the dock."
OHSp02,OHSp02_Trn_04_05,.wav,OHSp02_Trn_04_05.wav,story,,story4,"Sitting quietly, he cast his line into the water and waited and waited and waited."
OHSp02,OHSp02_Trn_04_06,.wav,OHSp02_Trn_04_06.wav,story,,story4,"Suddenly, the rod jerked. Jake pulled hard, and a shiny fish wriggled at the end of the line."
OHSp02,OHSp02_Trn_04_07,.wav,OHSp02_Trn_04_07.wav,story,,story4,"He shouted, “I caught one!” His friends ran over to see, cheering loudly."
OHSp02,OHSp02_Trn_04_08,.wav,OHSp02_Trn_04_08.wav,story,,story4,Jake carefully placed the fish in the blanket-- in the bucket. 
OHSp02,OHSp02_Trn_04_09,.wav,OHSp02_Trn_04_09.wav,story,,story4,"“Maybe next time, I’ll catch a bigger one,” he said with a grin."
OHSp02,OHSp02_Trn_04_10,.wav,OHSp02_Trn_04_10.wav,story,,story4,"Later that day, Jake returned to the cabin and told his grandfather about the fish."
OHSp02,OHSp02_Trn_04_11,.wav,OHSp02_Trn_04_11.wav,story,,story4,"His grandfather smiled and said, “You’ve got the makings of a great fisherman!”"
OHSp02,OHSp02_Trn_04_12,.wav,OHSp02_Trn_04_12.wav,story,,story4,"Jake beamed proudly, excited to fish again tomorrow."
OHSp02,OHSp02_Trn_07_01,.wav,OHSp02_Trn_07_01.wav,story,,story7,"On a bright Saturday afternoon, Lucas went to the park with his family."
OHSp02,OHSp02_Trn_07_02,.wav,OHSp02_Trn_07_02.wav,story,,story7,"As he walked through the grass, he saw a large, colorful kite soaring high in the sky."
OHSp02,OHSp02_Trn_07_03,.wav,OHSp02_Trn_07_03.wav,story,,story7,"It was bright red with a long, yellow tail that flapped in the wind."
OHSp02,OHSp02_Trn_07_04,.wav,OHSp02_Trn_07_04.wav,story,,story7,"Lucas watched in awe as the kite danced above the trees, its tail twisting and turning with each gust of wind."
OHSp02,OHSp02_Trn_07_05,.wav,OHSp02_Trn_07_05.wav,story,,story7,"Curious, he walked closer and saw a boy standing near the edge of the field, holding the string of the kite."
OHSp02,OHSp02_Trn_07_06,.wav,OHSp02_Trn_07_06.wav,story,,story7,"“Want to give it a try?” the boy asked, smiling."
OHSp02,OHSp02_Trn_07_07,.wav,OHSp02_Trn_07_07.wav,story,,story7,"Lucas nodded eagerly, his heart racing with excitement."
OHSp02,OHSp02_Trn_07_08,.wav,OHSp02_Trn_07_08.wav,story,,story7,"He gripped the string tightly as the wind tugged, lifting the kite even higher into the air."
OHSp02,OHSp02_Trn_07_09,.wav,OHSp02_Trn_07_09.wav,story,,story7,"“Hold it steady,” the boy said, giving Lucas a few tips."
OHSp02,OHSp02_Trn_07_10,.wav,OHSp02_Trn_07_10.wav,story,,story7,"As the kite soared gracefully, Lucas heard the chirping of the birds-- of birds and the sharp ""shh"" of the trees swaying in the breeze."
OHSp02,OHSp02_Trn_07_11,.wav,OHSp02_Trn_07_11.wav,story,,story7,"Suddenly, a jet flew overhead with a loud ""whoosh,"" its engines roaring like thunder."
OHSp02,OHSp02_Trn_07_12,.wav,OHSp02_Trn_07_12.wav,story,,story7,“That was amazing!” Lucas exclaimed.
OHSp02,OHSp02_Trn_07_13,.wav,OHSp02_Trn_07_13.wav,story,,story7,"The boy laughed and said, “Come back tomorrow, and we can fly it-- we can fly it again."
OHSp02,OHSp02_Trn_07_14,.wav,OHSp02_Trn_07_14.wav,story,,story7,We might even try a bigger kite and maybe chase a few more birds!”
OHSp03,OHSp03_Trn_02_01,.wav,OHSp03_Trn_02_01.wav,story,,story2,"Do you like amusement parks? Well, I sure do."
OHSp03,OHSp03_Trn_02_02,.wav,OHSp03_Trn_02_02.wav,story,,story2,"To amuse myself, I went twice last spring."
OHSp03,OHSp03_Trn_02_03,.wav,OHSp03_Trn_02_03.wav,story,,story2,My most memorable moment was riding the caterpillar.
OHSp03,OHSp03_Trn_02_04,.wav,OHSp03_Trn_02_04.wav,story,,story2,Which is a gigantic rollercoaster high above the ground.
OHSp03,OHSp03_Trn_02_05,.wav,OHSp03_Trn_02_05.wav,story,,story2,"When I saw how high the Caterpillar rose into the bright blue sky, I knew it was for me."
OHSp03,OHSp03_Trn_02_06,.wav,OHSp03_Trn_02_06.wav,story,,story2,"When I- after waiting in line for thirty minutes, I made it to the front, where the man measured my height to see if I was tall enough."
OHSp03,OHSp03_Trn_02_07,.wav,OHSp03_Trn_02_07.wav,story,,story2,"I gave the man my coins, asked for change, and jumped on the cart."
OHSp03,OHSp03_Trn_02_08,.wav,OHSp03_Trn_02_08.wav,story,,story2,"Tick, tick, tick... The Caterpillar climbed slowly up the tracks."
OHSp03,OHSp03_Trn_02_09,.wav,OHSp03_Trn_02_09.wav,story,,story2,"It went so high I could see the parking lot. Boy, I was scared."
OHSp03,OHSp03_Trn_02_10,.wav,OHSp03_Trn_02_10.wav,story,,story2,"I thought to myself, ""There's no turning back now."""
OHSp03,OHSp03_Trn_02_11,.wav,OHSp03_Trn_02_11.wav,story,,story2,People were so scared.
OHSp03,OHSp03_Trn_02_12,.wav,OHSp03_Trn_02_12.wav,story,,story2,"They screamed as we swiftly zoomed, fast, fast, and faster along the tracks"
OHSp03,OHSp03_Trn_02_13,.wav,OHSp03_Trn_02_13.wav,story,,story2,"As quickly as it started, the Caterpillar came to a stop."
OHSp03,OHSp03_Trn_02_14,.wav,OHSp03_Trn_02_14.wav,story,,story2,"Unfortunately, it was time to pack the car and drive home."
OHSp03,OHSp03_Trn_02_15,.wav,OHSp03_Trn_02_15.wav,story,,story2,"That night, I dreamt of the wild ride on the Caterpillar"
OHSp03,OHSp03_Trn_02_16,.wav,OHSp03_Trn_02_16.wav,story,,story2,Taking a trip to the amusement park and riding on the Caterpillar was my most memorable moment ever!
OHSp03,OHSp03_Trn_03_01,.wav,OHSp03_Trn_03_01.wav,story,,story3,"Megan’s cat, Snowball, loved to play in the garden."
OHSp03,OHSp03_Trn_03_02,.wav,OHSp03_Trn_03_02.wav,story,,story3,"Every morning, Megan opened the back door, and Snowball dashed outside."
OHSp03,OHSp03_Trn_03_03,.wav,OHSp03_Trn_03_03.wav,story,,story3,"The little cat chased butterflies, sniffed flowers, and climbed the old oak tree."
OHSp03,OHSp03_Trn_03_04,.wav,OHSp03_Trn_03_04.wav,story,,story3,Megan often called snow bar-- Snowball her “explorer” because she loved to investigate every corner of the yard.
OHSp03,OHSp03_Trn_03_05,.wav,OHSp03_Trn_03_05.wav,story,,story3,"One day, a squirrel darted across the lawn. Snowball froze."
OHSp03,OHSp03_Trn_03_06,.wav,OHSp03_Trn_03_06.wav,story,,story3,"The squirrel stopped too, holding an acorn in its tiny paws."
OHSp03,OHSp03_Trn_03_07,.wav,OHSp03_Trn_03_07.wav,story,,story3,"Megan watched from the snow, curious to see what would happen."
OHSp03,OHSp03_Trn_03_08,.wav,OHSp03_Trn_03_08.wav,story,,story3,"After a long pause, Snowball jumped forward, but the squirrel was faster."
OHSp03,OHSp03_Trn_03_09,.wav,OHSp03_Trn_03_09.wav,story,,story3,It ran up the tree and disappeared into the branches.
OHSp03,OHSp03_Trn_03_10,.wav,OHSp03_Trn_03_10.wav,story,,story3,"Snowball meowed loudly, staring after it."
OHSp03,OHSp03_Trn_03_11,.wav,OHSp03_Trn_03_11.wav,story,,story3,"A moment later, she darted back to Megan and curled up in her lap, playing with her blanket."
OHSp03,OHSp03_Trn_03_12,.wav,OHSp03_Trn_03_12.wav,story,,story3,"Megan laughed and said, “Your playfulness never ends, Snowball!”"
OHSp03,OHSp03_Trn_03_13,.wav,OHSp03_Trn_03_13.wav,story,,story3,"She patted her gently and added, “Maybe next time you’ll catch that squirrel.”"
OHSp03,OHSp03_Trn_03_14,.wav,OHSp03_Trn_03_14.wav,story,,story3,"Snowball purred contentedly, resting her head on Megan’s arm."
OHSp03,OHSp03_Trn_04_01,.wav,OHSp03_Trn_04_01.wav,story,,story4,"Every summer, Jake and his friends visited the lake near his grandfather’s cabin."
OHSp03,OHSp03_Trn_04_02,.wav,OHSp03_Trn_04_02.wav,story,,story4,"The water sparkled under the bright sun, and the tall trees swayed gently in the breeze."
OHSp03,OHSp03_Trn_04_03,.wav,OHSp03_Trn_04_03.wav,story,,story4,"One afternoon, Jake decided to go fishing."
OHSp03,OHSp03_Trn_04_04,.wav,OHSp03_Trn_04_04.wav,story,,story4," He grabbed a rod, bait, and a bucket, then walked to the dock."
OHSp03,OHSp03_Trn_04_05,.wav,OHSp03_Trn_04_05.wav,story,,story4,"Sitting quietly, he cast his line into the water and waited and waited and waited."
OHSp03,OHSp03_Trn_04_06,.wav,OHSp03_Trn_04_06.wav,story,,story4,"Suddenly, the rod jerked. Jake pulled hard, and a shiny fish wiggled at the end of the line."
OHSp03,OHSp03_Trn_04_07,.wav,OHSp03_Trn_04_07.wav,story,,story4,"He shouted, “I caught one!” His friends ran over to see, cheering loudly."
OHSp03,OHSp03_Trn_04_08,.wav,OHSp03_Trn_04_08.wav,story,,story4,Jake carefully placed the fish in the bucket. 
OHSp03,OHSp03_Trn_04_09,.wav,OHSp03_Trn_04_09.wav,story,,story4,"“Maybe next time, I’ll catch a bigger one,” he said with a grin."
OHSp03,OHSp03_Trn_04_10,.wav,OHSp03_Trn_04_10.wav,story,,story4,"Later that day, Jack returned to the cabin and told his grandfather about the fish."
OHSp03,OHSp03_Trn_04_11,.wav,OHSp03_Trn_04_11.wav,story,,story4,"His grandfather smiled and said, “You’ve got the makings of a great fisherman!”"
OHSp03,OHSp03_Trn_04_12,.wav,OHSp03_Trn_04_12.wav,story,,story4,"Jake beamed proudly, excited to fish again tomorrow."
OHSp03,OHSp03_Trn_07_01,.wav,OHSp03_Trn_07_01.wav,story,,story7,"On a bright Saturday afternoon, Lucas went to the park with his family."
OHSp03,OHSp03_Trn_07_02,.wav,OHSp03_Trn_07_02.wav,story,,story7,"He walked through the grass, he saw a large, colorful kite soaring high in the sky."
OHSp03,OHSp03_Trn_07_03,.wav,OHSp03_Trn_07_03.wav,story,,story7,"It was bright red with a long, yellow tail that flapped in the wind."
OHSp03,OHSp03_Trn_07_04,.wav,OHSp03_Trn_07_04.wav,story,,story7,"Lucas watched in awe as the kite danced above the trees, its tail twisting and turning with each gust of wind."
OHSp03,OHSp03_Trn_07_05,.wav,OHSp03_Trn_07_05.wav,story,,story7,"Curious, he walked closer and saw a boy standing near the edge of the field, holding a string of the kite."
OHSp03,OHSp03_Trn_07_06,.wav,OHSp03_Trn_07_06.wav,story,,story7,"“Want to give it a try?” the boy asked, smiling."
OHSp03,OHSp03_Trn_07_07,.wav,OHSp03_Trn_07_07.wav,story,,story7,"Lucas nodded eagerly, his heart racing with excitement."
OHSp03,OHSp03_Trn_07_08,.wav,OHSp03_Trn_07_08.wav,story,,story7,"He gripped the string tightly as the wind tugged, lifting the kite even higher into the air."
OHSp03,OHSp03_Trn_07_09,.wav,OHSp03_Trn_07_09.wav,story,,story7,"“Hold it steady,” the boy said, giving Lucas a few tips."
OHSp03,OHSp03_Trn_07_10,.wav,OHSp03_Trn_07_10.wav,story,,story7,"As the kite soared gracefully, Lucas heard the chirping of birds and the sharp ""shh"" of the trees swaying in the breeze."
OHSp03,OHSp03_Trn_07_11,.wav,OHSp03_Trn_07_11.wav,story,,story7,"Suddenly, a jet flew overhead with a loud ""whoosh,"" its engines roaring like thunder."
OHSp03,OHSp03_Trn_07_12,.wav,OHSp03_Trn_07_12.wav,story,,story7,“That was amazing!” Lucas exclaimed.
OHSp03,OHSp03_Trn_07_13,.wav,OHSp03_Trn_07_13.wav,story,,story7,"The boy laughed and said, “Come back tomorrow, and we can fly it again."
OHSp03,OHSp03_Trn_07_14,.wav,OHSp03_Trn_07_14.wav,story,,story7,We might even try a bigger kite and maybe chase a few more birds!”
OHSp05,OHSp05_Trn_02_01,.wav,OHSp05_Trn_02_01.wav,story,,story2,"Do you like amusement parks? Well, I sure do."
OHSp05,OHSp05_Trn_02_02,.wav,OHSp05_Trn_02_02.wav,story,,story2,"To amuse myself, I went twice last spring."
OHSp05,OHSp05_Trn_02_03,.wav,OHSp05_Trn_02_03.wav,story,,story2,My most memorable moment was riding on the caterpillar.
OHSp05,OHSp05_Trn_02_04,.wav,OHSp05_Trn_02_04.wav,story,,story2,Which is a gigantic rollercoaster high above the ground.
OHSp05,OHSp05_Trn_02_05,.wav,OHSp05_Trn_02_05.wav,story,,story2,"When I saw how high the Caterpillar rose into the bright blue sky, I knew it was for me."
OHSp05,OHSp05_Trn_02_06,.wav,OHSp05_Trn_02_06.wav,story,,story2,"After waiting in line for thirty minutes, I made it to the front, where the man measured my height to see if I was tall enough."
OHSp05,OHSp05_Trn_02_07,.wav,OHSp05_Trn_02_07.wav,story,,story2,"I gave the man my coins, asked for change, and jumped on the cart."
OHSp05,OHSp05_Trn_02_08,.wav,OHSp05_Trn_02_08.wav,story,,story2,"Tick, tick, tick... The Caterpillar climbed slowly up the tracks."
OHSp05,OHSp05_Trn_02_09,.wav,OHSp05_Trn_02_09.wav,story,,story2,"It went so high I could see the parking-- parking lot. Boy, I was scared."
OHSp05,OHSp05_Trn_02_10,.wav,OHSp05_Trn_02_10.wav,story,,story2,"I thought to myself, ""There's no turning back-- back now."""
OHSp05,OHSp05_Trn_02_11,.wav,OHSp05_Trn_02_11.wav,story,,story2,People were so scared.
OHSp05,OHSp05_Trn_02_12,.wav,OHSp05_Trn_02_12.wav,story,,story2,"They screamed as we swiftly moved, fast, fast, and faster along the tracks"
OHSp05,OHSp05_Trn_02_13,.wav,OHSp05_Trn_02_13.wav,story,,story2,"As quickly as it started, the Caterpillar came to a stop."
OHSp05,OHSp05_Trn_02_14,.wav,OHSp05_Trn_02_14.wav,story,,story2,"Unfortunately, it was time to pack the car and drive home."
OHSp05,OHSp05_Trn_02_15,.wav,OHSp05_Trn_02_15.wav,story,,story2,"That night, I dreamt of the wild ride on the Caterpillar"
OHSp05,OHSp05_Trn_02_16,.wav,OHSp05_Trn_02_16.wav,story,,story2,Taking a trip to the amusement park and riding on the Caterpillar was my most memorable moment ever!
OHSp05,OHSp05_Trn_03_01,.wav,OHSp05_Trn_03_01.wav,story,,story3,"Megan’s cat, Snowball, loved to play in the garden."
OHSp05,OHSp05_Trn_03_02,.wav,OHSp05_Trn_03_02.wav,story,,story3,"Every morning, Megan opened the back door, and Snowball dashed outside."
OHSp05,OHSp05_Trn_03_03,.wav,OHSp05_Trn_03_03.wav,story,,story3,"The little cat chased butterflies, sniffed flowers, and climbed the old oak tree."
OHSp05,OHSp05_Trn_03_04,.wav,OHSp05_Trn_03_04.wav,story,,story3,Megan often called Snowball her “explorer” because she loved to investigate every corner of the yard.
OHSp05,OHSp05_Trn_03_05,.wav,OHSp05_Trn_03_05.wav,story,,story3,"One day, a squirrel darted across the lawn. Snowball froze."
OHSp05,OHSp05_Trn_03_06,.wav,OHSp05_Trn_03_06.wav,story,,story3,"The squirrel stopped too, holding an acorn in its tiny paws."
OHSp05,OHSp05_Trn_03_07,.wav,OHSp05_Trn_03_07.wav,story,,story3,"Megan watched from the window, curious to see what would happen."
OHSp05,OHSp05_Trn_03_08,.wav,OHSp05_Trn_03_08.wav,story,,story3,"After a long pause, Snowball jumped forward, the squirrel was faster."
OHSp05,OHSp05_Trn_03_09,.wav,OHSp05_Trn_03_09.wav,story,,story3,It ran up the tree and disappeared into the branches.
OHSp05,OHSp05_Trn_03_10,.wav,OHSp05_Trn_03_10.wav,story,,story3,"Snowball meowed loudly, staring after it."
OHSp05,OHSp05_Trn_03_11,.wav,OHSp05_Trn_03_11.wav,story,,story3,"A moment later, she darted back to Megan and curled up in her lap, playing with her blanket."
OHSp05,OHSp05_Trn_03_12,.wav,OHSp05_Trn_03_12.wav,story,,story3,"Megan laughed and said, “Your playfulness never ends, Snowball!”"
OHSp05,OHSp05_Trn_03_13,.wav,OHSp05_Trn_03_13.wav,story,,story3,"She patted her gently and added, “Maybe next time you’ll catch that squirrel.”"
OHSp05,OHSp05_Trn_03_14,.wav,OHSp05_Trn_03_14.wav,story,,story3,"Snowball purred contentedly, resting her head on Megan’s arm."
OHSp05,OHSp05_Trn_04_01,.wav,OHSp05_Trn_04_01.wav,story,,story4,"Every summer, Jake-- Jake and his friends visited the lake near his grandfather’s cabin."
OHSp05,OHSp05_Trn_04_02,.wav,OHSp05_Trn_04_02.wav,story,,story4,"The water sparkled under the bright sun, and the tall trees swayed gently in the breeze."
OHSp05,OHSp05_Trn_04_03,.wav,OHSp05_Trn_04_03.wav,story,,story4,"One afternoon, Jake decided to go fishing."
OHSp05,OHSp05_Trn_04_04,.wav,OHSp05_Trn_04_04.wav,story,,story4," He grabbed a rod, bait, and bucket, then walked to the dock."
OHSp05,OHSp05_Trn_04_05,.wav,OHSp05_Trn_04_05.wav,story,,story4,"Sitting quietly, he cast his line into the water and waited and waited and waited."
OHSp05,OHSp05_Trn_04_06,.wav,OHSp05_Trn_04_06.wav,story,,story4,"Suddenly, the rod jerked. Jake pulled hard, and a shiny fish wriggled at the end of the line."
OHSp05,OHSp05_Trn_04_07,.wav,OHSp05_Trn_04_07.wav,story,,story4,"He shouted, “I caught one!” His friends ran over to see, cheering loudly."
OHSp05,OHSp05_Trn_04_08,.wav,OHSp05_Trn_04_08.wav,story,,story4,Jake carefully placed the fish in the bucket. 
OHSp05,OHSp05_Trn_04_09,.wav,OHSp05_Trn_04_09.wav,story,,story4,"“Maybe next time, I’ll catch a bigger one,” he said with a grin."
OHSp05,OHSp05_Trn_04_10,.wav,OHSp05_Trn_04_10.wav,story,,story4,"Later that day, Jake returned to the cabin and told his grandfather about the fish."
OHSp05,OHSp05_Trn_04_11,.wav,OHSp05_Trn_04_11.wav,story,,story4,"His grandfather smiled and said, “You’ve got a make-- the makings of a great fisherman!”"
OHSp05,OHSp05_Trn_04_12,.wav,OHSp05_Trn_04_12.wav,story,,story4,"Jake beamed proudly, excited to fish again tomorrow."
OHSp05,OHSp05_Trn_07_01,.wav,OHSp05_Trn_07_01.wav,story,,story7,"On a bright Saturday afternoon, Lucas went to the park with his family."
OHSp05,OHSp05_Trn_07_02,.wav,OHSp05_Trn_07_02.wav,story,,story7,"As he walked through the grass, he saw a large, colorful kite soaring high in the sky."
OHSp05,OHSp05_Trn_07_03,.wav,OHSp05_Trn_07_03.wav,story,,story7,"It was bright red with a long, yellow tail that flapped in the wind."
OHSp05,OHSp05_Trn_07_04,.wav,OHSp05_Trn_07_04.wav,story,,story7,"Lucas watched in awe as the kite danced above the trees, its tail twisting and turning with each gust of wind."
OHSp05,OHSp05_Trn_07_05,.wav,OHSp05_Trn_07_05.wav,story,,story7,"Curious, he walked closer and saw a boy standing near the edge of the field, holding the string of the kite."
OHSp05,OHSp05_Trn_07_06,.wav,OHSp05_Trn_07_06.wav,story,,story7,"“Want to give it a try?” the boy asked, smiling."
OHSp05,OHSp05_Trn_07_07,.wav,OHSp05_Trn_07_07.wav,story,,story7,"Lucas nodded eagerly, his heart racing with excitement."
OHSp05,OHSp05_Trn_07_08,.wav,OHSp05_Trn_07_08.wav,story,,story7,"He gripped the string tightly as the wind tugged, lifting the kite even higher into the air."
OHSp05,OHSp05_Trn_07_09,.wav,OHSp05_Trn_07_09.wav,story,,story7,"“Hold it steady,” the boy said, giving Lucas a few tips."
OHSp05,OHSp05_Trn_07_10,.wav,OHSp05_Trn_07_10.wav,story,,story7,"As the kite soared gracefully, Lucas heard the chirping of birds and the sharp ""shh"" of the trees swaying in the breeze."
OHSp05,OHSp05_Trn_07_11,.wav,OHSp05_Trn_07_11.wav,story,,story7,"Suddenly, a jet flew overhead with a loud ""whoosh,"" its engines roaring like thunder."
OHSp05,OHSp05_Trn_07_12,.wav,OHSp05_Trn_07_12.wav,story,,story7,“That was amazing!” Lucas exclaimed.
OHSp05,OHSp05_Trn_07_13,.wav,OHSp05_Trn_07_13.wav,story,,story7,"The boy laughed and said, “Come back tomorrow, and we can fly it again."
OHSp05,OHSp05_Trn_07_14,.wav,OHSp05_Trn_07_14.wav,story,,story7,We might even try a bigger-- bigger kite and maybe chase a few more birds!”
OHSp07,OHSp07_Trn_02_01,.wav,OHSp07_Trn_02_01.wav,story,,story2,"Do you like amusement parks? Well, I sure do."
OHSp07,OHSp07_Trn_02_02,.wav,OHSp07_Trn_02_02.wav,story,,story2,"To amuse-- to amuse myself, I went twice last spring."
OHSp07,OHSp07_Trn_02_03,.wav,OHSp07_Trn_02_03.wav,story,,story2,My most memorable moment was riding on the caterpillar.
OHSp07,OHSp07_Trn_02_04,.wav,OHSp07_Trn_02_04.wav,story,,story2,Which-- which is a gigantic rollercoaster high above the ground.
OHSp07,OHSp07_Trn_02_05,.wav,OHSp07_Trn_02_05.wav,story,,story2,"When I saw how high the Caterpillar rose into the bright blue sky, I knew it was for me."
OHSp07,OHSp07_Trn_02_06,.wav,OHSp07_Trn_02_06.wav,story,,story2,"I went-- After waiting in line for thirty minutes, I made it in front, where the man -- what is that word-- measured my height to see if I was tall enough."
OHSp07,OHSp07_Trn_02_07,.wav,OHSp07_Trn_02_07.wav,story,,story2,"I gave the man my coins, asked for change, and jumped into the cart."
OHSp07,OHSp07_Trn_02_08,.wav,OHSp07_Trn_02_08.wav,story,,story2,"Tick, tick, tock-- tick, tick, tick... The Caterpillar climbed slowly up the tracks."
OHSp07,OHSp07_Trn_02_09,.wav,OHSp07_Trn_02_09.wav,story,,story2,"When I-- when it-- It went so high I could see the parking lot. Boy, I was scared."
OHSp07,OHSp07_Trn_02_10,.wav,OHSp07_Trn_02_10.wav,story,,story2,"I thought to myself, ""There's no turning back now."""
OHSp07,OHSp07_Trn_02_11,.wav,OHSp07_Trn_02_11.wav,story,,story2,People were so scared.
OHSp07,OHSp07_Trn_02_12,.wav,OHSp07_Trn_02_12.wav,story,,story2,"They screamed so as we swiftly zoomed, faster, fast, and faster along the tracks"
OHSp07,OHSp07_Trn_02_13,.wav,OHSp07_Trn_02_13.wav,story,,story2,"As quickly as it started, the Caterpillar came to a stop."
OHSp07,OHSp07_Trn_02_14,.wav,OHSp07_Trn_02_14.wav,story,,story2,"Unfortunately, it was time to park the car and drive home."
OHSp07,OHSp07_Trn_02_15,.wav,OHSp07_Trn_02_15.wav,story,,story2,"That night, I dreamed of the ride-- wild ride on the Caterpillar"
OHSp07,OHSp07_Trn_02_16,.wav,OHSp07_Trn_02_16.wav,story,,story2,Taking a trip to the amusement park and riding on the Caterpillar was the most remarkable moment ever!
OHSp07,OHSp07_Trn_03_01,.wav,OHSp07_Trn_03_01.wav,story,,story3,"Megan’s cat, Snowball, loved to play in the garden."
OHSp07,OHSp07_Trn_03_02,.wav,OHSp07_Trn_03_02.wav,story,,story3,"Every morning-- every morning, Megan opened the back door, and Snowball dashed outside."
OHSp07,OHSp07_Trn_03_03,.wav,OHSp07_Trn_03_03.wav,story,,story3,"The little cat chased butterflies, sniffed flowers, and climbed the old oak tree."
OHSp07,OHSp07_Trn_03_04,.wav,OHSp07_Trn_03_04.wav,story,,story3,Megan often called Snowball her “explorer” because she loved to investigate every corner of the yard.
OHSp07,OHSp07_Trn_03_05,.wav,OHSp07_Trn_03_05.wav,story,,story3,"One day, a squirrel darted across the lawn. Snowball froze."
OHSp07,OHSp07_Trn_03_06,.wav,OHSp07_Trn_03_06.wav,story,,story3,"The squirrel stopped too, holding an acorn in his paw-- in its tiny paw."
OHSp07,OHSp07_Trn_03_07,.wav,OHSp07_Trn_03_07.wav,story,,story3,"Megan watched from the window, curious to see what would happen."
OHSp07,OHSp07_Trn_03_08,.wav,OHSp07_Trn_03_08.wav,story,,story3,"After a long pause, Snowball jumped forward, but the squirrel was faster."
OHSp07,OHSp07_Trn_03_09,.wav,OHSp07_Trn_03_09.wav,story,,story3,It ran up the tree and disappeared into the branches.
OHSp07,OHSp07_Trn_03_10,.wav,OHSp07_Trn_03_10.wav,story,,story3,"Snowball meowed loudly, staring after it."
OHSp07,OHSp07_Trn_03_11,.wav,OHSp07_Trn_03_11.wav,story,,story3,"A moment later, she dropped-- darted back to see-- to-- to Morgan and curled up in her lap, playing with her blanket."
OHSp07,OHSp07_Trn_03_12,.wav,OHSp07_Trn_03_12.wav,story,,story3,"Morgan laughed and said, “Your playfulness never ends, Snowball!”"
OHSp07,OHSp07_Trn_03_13,.wav,OHSp07_Trn_03_13.wav,story,,story3,"She-- she p-- she pat patted her gently and added, “Maybe next time you’ll catch that squirrel.”"
OHSp07,OHSp07_Trn_03_14,.wav,OHSp07_Trn_03_14.wav,story,,story3,"Snowball purred contentedly, resting her head on-- on-- on Megan’s arm."
OHSp07,OHSp07_Trn_04_01,.wav,OHSp07_Trn_04_01.wav,story,,story4,"Every summer, Jake and his friends visits near the lake near his grandfather’s cabin."
OHSp07,OHSp07_Trn_04_02,.wav,OHSp07_Trn_04_02.wav,story,,story4,"The water sparkled under the bright sun, and the tall trees swayed gently in the breeze."
OHSp07,OHSp07_Trn_04_03,.wav,OHSp07_Trn_04_03.wav,story,,story4,"One afternoon, Jake decided to go fishing."
OHSp07,OHSp07_Trn_04_04,.wav,OHSp07_Trn_04_04.wav,story,,story4," He-- he grabbed-- he grabbed a rod, bait, and bucket, then walked to the dock."
OHSp07,OHSp07_Trn_04_05,.wav,OHSp07_Trn_04_05.wav,story,,story4,"Sitting gently, he cast his line into the water and waited and waited and waited and waited."
OHSp07,OHSp07_Trn_04_06,.wav,OHSp07_Trn_04_06.wav,story,,story4,"Suddenly, the rod jerked. Jake pulled hard, and a shiny fish wiggled at the end of the line."
OHSp07,OHSp07_Trn_04_07,.wav,OHSp07_Trn_04_07.wav,story,,story4,"He shouted, “I caught one!” His friends ran over to see, cheering loudly."
OHSp07,OHSp07_Trn_04_08,.wav,OHSp07_Trn_04_08.wav,story,,story4,Jake carefully placed the fish in the bucket. 
OHSp07,OHSp07_Trn_04_09,.wav,OHSp07_Trn_04_09.wav,story,,story4,"“Maybe next time, I’ll catch a bigger one,” he said with a grin."
OHSp07,OHSp07_Trn_04_10,.wav,OHSp07_Trn_04_10.wav,story,,story4,"Later that day, Jake returned to the cabin and told his grandfather about the fish."
OHSp07,OHSp07_Trn_04_11,.wav,OHSp07_Trn_04_11.wav,story,,story4,"His grandfather smiled and said, “You’ve got the makings of a great fisherman!”"
OHSp07,OHSp07_Trn_04_12,.wav,OHSp07_Trn_04_12.wav,story,,story4,"Jake beamed proudly, excited to fish again tomorrow."
OHSp07,OHSp07_Trn_07_01,.wav,OHSp07_Trn_07_01.wav,story,,story7,"On a bright Saturday afternoon, Lucas went to the park with his family."
OHSp07,OHSp07_Trn_07_02,.wav,OHSp07_Trn_07_02.wav,story,,story7,"As he walked through the grass, he saw a large, colorful kite soaring high in the sky."
OHSp07,OHSp07_Trn_07_03,.wav,OHSp07_Trn_07_03.wav,story,,story7,"It was blue-- bright red and it was bright red with a long, yellow tail that flopped in the wind."
OHSp07,OHSp07_Trn_07_04,.wav,OHSp07_Trn_07_04.wav,story,,story7,"Lucas watched in awe as the kite danced above the trees, its tall twisting and turning with-- with each gust of wind."
OHSp07,OHSp07_Trn_07_05,.wav,OHSp07_Trn_07_05.wav,story,,story7,"Curious, he walked closer and saw a boy standing near the edge of the field, holding the string of the kite."
OHSp07,OHSp07_Trn_07_06,.wav,OHSp07_Trn_07_06.wav,story,,story7,"“Want to give it a try-- want to give it a try?” the boy asked, smiling."
OHSp07,OHSp07_Trn_07_07,.wav,OHSp07_Trn_07_07.wav,story,,story7,"Lucas nodded eagerly, his heart racing with excitement."
OHSp07,OHSp07_Trn_07_08,.wav,OHSp07_Trn_07_08.wav,story,,story7,"He gripped the string tightly as the wind tugged, lifted the kite even higher into the air."
OHSp07,OHSp07_Trn_07_09,.wav,OHSp07_Trn_07_09.wav,story,,story7,"“Hold it steady,” the boy said, giving Lucas a few tips."
OHSp07,OHSp07_Trn_07_10,.wav,OHSp07_Trn_07_10.wav,story,,story7,"As the kite swore gracefully, Lucas heard the chirping of the birds and ""shh"" of the trees swaying in the breeze."
OHSp07,OHSp07_Trn_07_11,.wav,OHSp07_Trn_07_11.wav,story,,story7,"Suddenly, a jet flew overhead with a loud ""whoosh,"" its engines roaring like thunder."
OHSp07,OHSp07_Trn_07_12,.wav,OHSp07_Trn_07_12.wav,story,,story7,“That was amazing!” Lucas exclaimed.
OHSp07,OHSp07_Trn_07_13,.wav,OHSp07_Trn_07_13.wav,story,,story7,"The boy laughed and said, “Come back tomorrow, and we can fly it again."
OHSp07,OHSp07_Trn_07_14,.wav,OHSp07_Trn_07_14.wav,story,,story7,We might even try a bigger kite and maybe chase a few more birds!”